<?xml version="1.0" encoding="utf-8"?>
<?xml-stylesheet version="1.0" href="../../stylesheets/source2html.xsl" type="text/xsl"?>
<sourceDataSet xmlns="http://lca.jrc.it/ILCD/Source" xmlns:common="http://lca.jrc.it/ILCD/Common" xmlns:xsi="http://www.w3.org/2001/XMLSchema-instance" xsi:schemaLocation="http://lca.jrc.it/ILCD/Source ../../schemas/ILCD_SourceDataSet.xsd" version="1.1">
  <sourceInformation>
    <dataSetInformation>
      <common:UUID>66279383-8dc3-46c1-80d1-99866cc01e6a</common:UUID>
      <common:shortName xml:lang="en">PEF/OEF implementation, mandatory data 2016-2020</common:shortName>
      <classificationInformation>
                <common:classification>
                    <common:class level="0">Publications and communications</common:class>
                </common:classification>
      </classificationInformation>
      <sourceCitation>European Commission, DG Environment (2016): Product and Organisation Environmental Footprint - Compliance requirements of PEF and OEF guide 2013, Guidance PEF pilots v. 5.2, Guidance OEF pilots v.4. Secondary data sets for mandatory use.</sourceCitation>
      <publicationType>Monograph</publicationType>
      <sourceDescriptionOrComment xml:lang="en">This data sets is part of the data set packages for which use rights have been purchased by the European Commission for mandatory use until 31/12/2020 when developing PEF or OEF studies under any of the 24 PEFCRs and 2 OEFSRs that have been developed in the PEF/OEF pilot phase. The specific requirements on the data sets are defined in the European Commission's PEF and OEF guides of 2013 and the "Guidance for the implementation of the EU Product Environmental Footprint (PEF) during the Environmental Footprint (EF) pilot phase" v.5.2 as well as the "Guidance for the implementation of the EU Organisation Environmental Footprint (OEF) during the Environmental Footprint (EF) pilot phase" v.4. Other details on the usage of the data sets are defined in the individual PEFCRs and OEFSRs.</sourceDescriptionOrComment>
      <referenceToContact refObjectId="5bb337b0-9a1a-11da-a72b-0800200c9a62" version="02.01.000" type="contact data set" uri="../contacts/5bb337b0-9a1a-11da-a72b-0800200c9a62.xml">
        <common:shortDescription xml:lang="en">EC, DG ENV</common:shortDescription>
      </referenceToContact>
    </dataSetInformation>
  </sourceInformation>
  <administrativeInformation>
    <dataEntryBy>
      <common:timeStamp>2016-06-01T00:00:00+01:00</common:timeStamp>
      <common:referenceToDataSetFormat refObjectId="a97a0155-0234-4b87-b4ce-a45da52f2a40" version="03.00.000" type="source data set" uri="../sources/a97a0155-0234-4b87-b4ce-a45da52f2a40.xml">
        <common:shortDescription xml:lang="en">ILCD format 1.1</common:shortDescription>
      </common:referenceToDataSetFormat>
    </dataEntryBy>
    <publicationAndOwnership>
      <common:dataSetVersion>29.00.000</common:dataSetVersion>
    </publicationAndOwnership>
  </administrativeInformation>
</sourceDataSet>
