<?xml version="1.0" encoding="UTF-8"?>
<sourceDataSet xmlns="http://lca.jrc.it/ILCD/Source" xmlns:common="http://lca.jrc.it/ILCD/Common" xmlns:xsi="http://www.w3.org/2001/XMLSchema-instance" xsi:schemaLocation="http://lca.jrc.it/ILCD/Source ../../schemas/ILCD_SourceDataSet.xsd" version="1.1">
  <sourceInformation>
    <dataSetInformation>
      <common:UUID>88d4f8d9-60f9-43d1-9ea3-329c10d7d727</common:UUID>
      <common:shortName xml:lang="en">ILCD compliance 1.1</common:shortName>
      <classificationInformation>
        <common:classification>
          <common:class level="0">Compliance systems</common:class>
        </common:classification>
      </classificationInformation>
    </dataSetInformation>
  </sourceInformation>
  <administrativeInformation>
    <dataEntryBy>
      <common:timeStamp>2018-05-23T18:05:20.732+02:00</common:timeStamp>
      <common:referenceToDataSetFormat type="source data set" refObjectId="a97a0155-0234-4b87-b4ce-a45da52f2a40" uri="../sources/a97a0155-0234-4b87-b4ce-a45da52f2a40.xml">
        <common:shortDescription xml:lang="en">ILCD Format</common:shortDescription>
      </common:referenceToDataSetFormat>
    </dataEntryBy>
    <publicationAndOwnership>
      <common:dataSetVersion>01.00.000</common:dataSetVersion>
      <common:permanentDataSetURI>../sources/88d4f8d9-60f9-43d1-9ea3-329c10d7d727.xml</common:permanentDataSetURI>
    </publicationAndOwnership>
  </administrativeInformation>
</sourceDataSet>