<?xml version="1.0" encoding="utf-8"?>
<?xml-stylesheet type='text/xsl' href='../../stylesheets/source2html.xsl' ?>
<ns3:sourceDataSet xmlns:ns3="http://lca.jrc.it/ILCD/Source" xmlns:common="http://lca.jrc.it/ILCD/Common" xmlns:xsi="http://www.w3.org/2001/XMLSchema-instance" version="1.1" xsi:schemaLocation="http://lca.jrc.it/ILCD/Source ../../schemas/ILCD_SourceDataSet.xsd">
   <ns3:sourceInformation>
      <ns3:dataSetInformation>
         <common:UUID>9ba3ac1e-6797-4cc0-afd5-1b8f7bf28c6a</common:UUID>
         <common:shortName xml:lang="en">ILCD Data Network - compliance (non-Process)</common:shortName>
         <ns3:classificationInformation>
            <common:classification>
               <common:class level="0">Compliance systems</common:class>
            </common:classification>
         </ns3:classificationInformation>
         <ns3:sourceCitation>European Commission, Joint Research Centre, Institute for Environment and Sustainability (2012): International Reference Life Cycle Data System (ILCD) - Data Network - Compliance rules and entry-level requirements. Definition of: ILCD Data Network - compliance for non-Process data sets. Version 1.1. January 2012</ns3:sourceCitation>
         <ns3:publicationType>Monograph</ns3:publicationType>
         <ns3:sourceDescriptionOrComment xml:lang="en">The referenced file defines the compliance rules and entry-level requirements of the International Reference Life Cycle Data System (ILCD) Data Network, which can also be used for general ILCD-compliance under the ILCD Handbook. This document provides the overview and refers to specific documents that define the detailed requirements in the five areas quality, method, nomenclature, review, and documentation of LCA data sets. Note that application areas (via archetype goal situations) and data quality levels are differentiated that are to be referenced explicitly when identifying the compliance of a data set. While the document defines all variants, this reference relates to the definition of: "ILCD Data Network - compliance", which shall be used ONLY for Flow, Flow property and Unit group data sets.</ns3:sourceDescriptionOrComment>
         <ns3:referenceToDigitalFile uri="../external_docs/ILCD-Data-Network_Compliance-Entry-level_Version1.1_Jan2012.pdf"/>
         <ns3:referenceToContact uri="../contacts/d0d5f8bb-9311-49d1-9e30-2f20a6977f4f.xml" refObjectId="d0d5f8bb-9311-49d1-9e30-2f20a6977f4f" type="contact data set">
            <common:shortDescription xml:lang="en">European Commission, JRC-IES</common:shortDescription>
         </ns3:referenceToContact>
      </ns3:dataSetInformation>
   </ns3:sourceInformation>
   <ns3:administrativeInformation>
      <ns3:dataEntryBy>
         <common:timeStamp>2010-03-12T00:00:00+01:00</common:timeStamp>
         <common:referenceToDataSetFormat uri="../sources/a97a0155-0234-4b87-b4ce-a45da52f2a40.xml" refObjectId="a97a0155-0234-4b87-b4ce-a45da52f2a40" type="source data set">
            <common:shortDescription xml:lang="en">ILCD format</common:shortDescription>
         </common:referenceToDataSetFormat>
      </ns3:dataEntryBy>
      <ns3:publicationAndOwnership>
         <common:dataSetVersion>03.00.000</common:dataSetVersion>
         <common:permanentDataSetURI>http://lca.jrc.ec.europa.eu/lcainfohub/datasets/ilcd/sources/9ba3ac1e-6797-4cc0-afd5-1b8f7bf28c6a.xml</common:permanentDataSetURI>
      </ns3:publicationAndOwnership>
   </ns3:administrativeInformation>
</ns3:sourceDataSet>