<?xml version="1.0" encoding="UTF-8" standalone="yes"?>
<?xml-stylesheet type='text/xsl' href='../../stylesheets/source2html.xsl' ?>
<sourceDataSet xmlns:common="http://lca.jrc.it/ILCD/Common" xmlns="http://lca.jrc.it/ILCD/Source" version="1.1" xsi:schemaLocation="http://lca.jrc.it/ILCD/Source ../../schemas/ILCD_SourceDataSet.xsd" xmlns:xsi="http://www.w3.org/2001/XMLSchema-instance">
    <sourceInformation>
        <dataSetInformation>
            <common:UUID>a66c4e98-b12f-11e0-a00b-0800200c9a66</common:UUID>
            <common:shortName xml:lang="en">EcoTransIT World, Ecolog.Transport Information Tool for Worldwide Transports: Methodology and Data</common:shortName>
            <classificationInformation>
                <common:classification>
                    <common:class level="0">Publications and communications</common:class>
                </common:classification>
            </classificationInformation>
            <sourceCitation>IFEU Heidelberg, ™ko-Institut, IVE / RMCON, EcoTransIT World, Ecolog.Transport Information Tool for Worldwide Transports: Methodology and Data, Berlin, Hannover, Heidelberg; Germany, 2010</sourceCitation>
            <publicationType>Monograph</publicationType>
        </dataSetInformation>
    </sourceInformation>
    <administrativeInformation>
        <dataEntryBy>
            <common:timeStamp>2011-10-31T23:00:00.000</common:timeStamp>
            <common:referenceToDataSetFormat type="source data set" refObjectId="a97a0155-0234-4b87-b4ce-a45da52f2a40" version="03.00.000" uri="../sources/a97a0155-0234-4b87-b4ce-a45da52f2a40.xml">
                <common:shortDescription xml:lang="en">ILCD format 1.1</common:shortDescription>
            </common:referenceToDataSetFormat>
        </dataEntryBy>
        <publicationAndOwnership>
            <common:dataSetVersion>28.00.000</common:dataSetVersion>
        </publicationAndOwnership>
    </administrativeInformation>
</sourceDataSet>
