<?xml version="1.0" encoding="UTF-8"?><?xml-stylesheet type='text/xsl' href='../../stylesheets/flow2html.xsl'?><flowDataSet xmlns="http://lca.jrc.it/ILCD/Flow" xmlns:common="http://lca.jrc.it/ILCD/Common" xmlns:xsi="http://www.w3.org/2001/XMLSchema-instance" version="1.1" xsi:schemaLocation="http://lca.jrc.it/ILCD/Flow ../../schemas/ILCD_FlowDataSet.xsd">
  <flowInformation>
    <dataSetInformation>
      <common:UUID>08a91e70-3ddc-11dd-924e-0050c2490048</common:UUID>
      <name>
        <baseName xml:lang="en">carbon monoxide (fossil)</baseName>
</name>
      <common:synonyms xml:lang="en">AC1L18VY;C#O;CARBON-MONOXIDE;Carbon monoxide, refrigerated liquid (cryogenic liquid) [NA9202] [Poison gas];Carbon monoxide, refrigerated liquid (cryogenic liquid) [NA9202] [Poison gas];Carbon oxide (CO);Carbone (oxyde de);Carbonic oxide;Carbonio (ossido di);Exhaust gas;Flue gas;Kohlenmonoxid;Kohlenoxyd;Koolmonoxyde;Monoxide, Carbon;NA9202;Oxyde de carbone;Wegla tlenek;[CO];carbon monooxide;carbon(II) oxide;monoxide</common:synonyms>
      <common:synonyms xml:lang="de">Kohlenmonoxid;Kohlenoxyd</common:synonyms>
      <common:synonyms xml:lang="fr">Carbone (oxyde de);Oxyde de carbone</common:synonyms>
      <common:synonyms xml:lang="it">Carbonio (ossido di)</common:synonyms>
      <common:synonyms xml:lang="nl">Koolmonoxyde</common:synonyms>
      <common:synonyms xml:lang="pl">Wegla tlenek</common:synonyms>
      <classificationInformation>
        <common:elementaryFlowCategorization>
          <common:category level="0">Emissions</common:category>
          <common:category level="1">Emissions to air</common:category>
          <common:category level="2">Emissions to air, unspecified</common:category>
</common:elementaryFlowCategorization>
</classificationInformation>
      <CASNumber>000630-08-0</CASNumber>
      <common:generalComment xml:lang="en">Reference elementary flow of the International Reference Life Cycle Data System (ILCD).</common:generalComment>
</dataSetInformation>
    <quantitativeReference>
      <referenceToReferenceFlowProperty>0</referenceToReferenceFlowProperty>
</quantitativeReference>
</flowInformation>
  <modellingAndValidation>
    <LCIMethod>
      <typeOfDataSet>Elementary flow</typeOfDataSet>
</LCIMethod>
    <complianceDeclarations>
      <compliance>
        <common:referenceToComplianceSystem refObjectId="9ba3ac1e-6797-4cc0-afd5-1b8f7bf28c6a" type="source data set" uri="../sources/9ba3ac1e-6797-4cc0-afd5-1b8f7bf28c6a.xml">
          <common:shortDescription xml:lang="en">ILCD Data Network - compliance (non-Process)</common:shortDescription>
</common:referenceToComplianceSystem>
        <common:approvalOfOverallCompliance>Fully compliant</common:approvalOfOverallCompliance>
</compliance>
</complianceDeclarations>
</modellingAndValidation>
  <administrativeInformation>
    <dataEntryBy>
      <common:timeStamp>2012-01-12T15:51:24.827+01:00</common:timeStamp>
      <common:referenceToDataSetFormat refObjectId="a97a0155-0234-4b87-b4ce-a45da52f2a40" type="source data set" uri="../sources/a97a0155-0234-4b87-b4ce-a45da52f2a40.xml">
        <common:shortDescription xml:lang="en">ILCD format</common:shortDescription>
</common:referenceToDataSetFormat>
</dataEntryBy>
    <publicationAndOwnership>
      <common:dataSetVersion>03.00.003</common:dataSetVersion>
      <common:permanentDataSetURI>http://lca.jrc.ec.europa.eu/lcainfohub/datasets/ilcd/flows/08a91e70-3ddc-11dd-924e-0050c2490048.xml</common:permanentDataSetURI>
</publicationAndOwnership>
</administrativeInformation>
  <flowProperties>
    <flowProperty dataSetInternalID="0">
      <referenceToFlowPropertyDataSet refObjectId="93a60a56-a3c8-11da-a746-0800200b9a66" type="flow property data set" uri="../flowproperties/93a60a56-a3c8-11da-a746-0800200b9a66.xml">
        <common:shortDescription xml:lang="en">Mass</common:shortDescription>
</referenceToFlowPropertyDataSet>
      <meanValue>1.0</meanValue>
</flowProperty>
</flowProperties>
</flowDataSet>
