﻿<?xml version="1.0" encoding="UTF-8" standalone="yes"?>
<?xml-stylesheet version="1.0" href="../../stylesheets/flow2html.xsl" type="text/xsl"?>
<flowDataSet xmlns:common="http://lca.jrc.it/ILCD/Common" xmlns="http://lca.jrc.it/ILCD/Flow" version="1.1" locations="../ILCDLocations.xml" xsi:schemaLocation="http://lca.jrc.it/ILCD/Flow ../../schemas/ILCD_FlowDataSet.xsd" xmlns:xsi="http://www.w3.org/2001/XMLSchema-instance">
    <flowInformation>
        <dataSetInformation>
            <common:UUID>890a70b7-b677-4e2a-8a1b-7d017e0a10ae</common:UUID>
            <name>
                <baseName xml:lang="en">Electricity</baseName>
                <treatmentStandardsRoutes xml:lang="en">AC</treatmentStandardsRoutes>
                <mixAndLocationTypes xml:lang="en">consumption mix, at consumer</mixAndLocationTypes>
            </name>
            <classificationInformation>
                <common:classification>
                    <common:class level="0">Energy carriers and technologies</common:class>
                    <common:class level="1">Electricity</common:class>
                </common:classification>
            </classificationInformation>
        </dataSetInformation>
        <quantitativeReference>
            <referenceToReferenceFlowProperty>0</referenceToReferenceFlowProperty>
        </quantitativeReference>
    </flowInformation>
    <modellingAndValidation>
        <LCIMethod>
            <typeOfDataSet>Product flow</typeOfDataSet>
        </LCIMethod>
        <complianceDeclarations>
            <compliance>
                <common:referenceToComplianceSystem type="source data set" refObjectId="9ba3ac1e-6797-4cc0-afd5-1b8f7bf28c6a" version="03.00.000" uri="../sources/9ba3ac1e-6797-4cc0-afd5-1b8f7bf28c6a.xml">
                    <common:shortDescription xml:lang="en">ILCD Data Network - compliance (non-Process)</common:shortDescription>
                </common:referenceToComplianceSystem>
                <common:approvalOfOverallCompliance>Fully compliant</common:approvalOfOverallCompliance>
            </compliance>
        </complianceDeclarations>
    </modellingAndValidation>
    <administrativeInformation>
        <dataEntryBy>
            <common:timeStamp>2013-12-01T00:00:00.000</common:timeStamp>
            <common:referenceToDataSetFormat type="source data set" refObjectId="a97a0155-0234-4b87-b4ce-a45da52f2a40" version="03.00.000" uri="../sources/a97a0155-0234-4b87-b4ce-a45da52f2a40.xml">
                <common:shortDescription xml:lang="en">ILCD format 1.1</common:shortDescription>
            </common:referenceToDataSetFormat>
        </dataEntryBy>
        <publicationAndOwnership>
            <common:dataSetVersion>28.00.000</common:dataSetVersion>
        </publicationAndOwnership>
    </administrativeInformation>
    <flowProperties>
        <flowProperty dataSetInternalID="0">
            <referenceToFlowPropertyDataSet type="flow property data set" refObjectId="93a60a56-a3c8-11da-a746-0800200c9a66" version="28.00.000" uri="../flowproperties/93a60a56-a3c8-11da-a746-0800200c9a66.xml">
                <common:shortDescription xml:lang="en">Net calorific value</common:shortDescription>
            </referenceToFlowPropertyDataSet>
            <meanValue>1.0</meanValue>
        </flowProperty>
        <flowProperty dataSetInternalID="1">
            <referenceToFlowPropertyDataSet type="flow property data set" refObjectId="bcf81c0a-9fe9-4c88-a25b-99e0dd64ddaa" version="00.00.000" uri="../flowproperties/bcf81c0a-9fe9-4c88-a25b-99e0dd64ddaa.xml">
                <common:shortDescription xml:lang="en">Price</common:shortDescription>
            </referenceToFlowPropertyDataSet>
            <meanValue>0.014306</meanValue>
        </flowProperty>
        <flowProperty dataSetInternalID="2">
            <referenceToFlowPropertyDataSet type="flow property data set" refObjectId="93a60a56-a3c8-14da-a746-0800200c9a66" version="28.00.000" uri="../flowproperties/93a60a56-a3c8-14da-a746-0800200c9a66.xml">
                <common:shortDescription xml:lang="en">Gross calorific value</common:shortDescription>
            </referenceToFlowPropertyDataSet>
            <meanValue>1.0</meanValue>
        </flowProperty>
    </flowProperties>
</flowDataSet>
