<?xml version="1.0" encoding="UTF-8" standalone="yes"?>
<?xml-stylesheet version="1.0" href="../../stylesheets/flow2html.xsl" type="text/xsl"?>
<flowDataSet xmlns:common="http://lca.jrc.it/ILCD/Common" xmlns="http://lca.jrc.it/ILCD/Flow" version="1.1" locations="../ILCDLocations.xml" xsi:schemaLocation="http://lca.jrc.it/ILCD/Flow ../../schemas/ILCD_FlowDataSet.xsd" xmlns:xsi="http://www.w3.org/2001/XMLSchema-instance">
    <flowInformation>
        <dataSetInformation>
            <common:UUID>9f8f445c-e172-49f6-8881-bcf2a9824588</common:UUID>
            <name>
                <baseName xml:lang="en">Plastic (unspecified)</baseName>
            </name>
            <classificationInformation>
                <common:classification>
                    <common:class level="0">End-of-life treatment</common:class>
                </common:classification>
            </classificationInformation>
        </dataSetInformation>
        <quantitativeReference>
            <referenceToReferenceFlowProperty>0</referenceToReferenceFlowProperty>
        </quantitativeReference>
    </flowInformation>
    <modellingAndValidation>
        <LCIMethod>
            <typeOfDataSet>Waste flow</typeOfDataSet>
        </LCIMethod>
        <complianceDeclarations>
            <compliance>
                <common:referenceToComplianceSystem type="source data set" refObjectId="9ba3ac1e-6797-4cc0-afd5-1b8f7bf28c6a" version="03.00.000" uri="../sources/9ba3ac1e-6797-4cc0-afd5-1b8f7bf28c6a.xml">
                    <common:shortDescription xml:lang="en">ILCD Data Network - compliance (non-Process)</common:shortDescription>
                </common:referenceToComplianceSystem>
                <common:approvalOfOverallCompliance>Fully compliant</common:approvalOfOverallCompliance>
            </compliance>
        </complianceDeclarations>
    </modellingAndValidation>
    <administrativeInformation>
        <dataEntryBy>
            <common:timeStamp>2012-10-31T23:00:00.000</common:timeStamp>
            <common:referenceToDataSetFormat type="source data set" refObjectId="a97a0155-0234-4b87-b4ce-a45da52f2a40" version="03.00.000" uri="../sources/a97a0155-0234-4b87-b4ce-a45da52f2a40.xml">
                <common:shortDescription xml:lang="en">ILCD format 1.1</common:shortDescription>
            </common:referenceToDataSetFormat>
        </dataEntryBy>
        <publicationAndOwnership>
            <common:dataSetVersion>28.00.000</common:dataSetVersion>
        </publicationAndOwnership>
    </administrativeInformation>
    <flowProperties>
        <flowProperty dataSetInternalID="0">
            <referenceToFlowPropertyDataSet type="flow property data set" refObjectId="93a60a56-a3c8-11da-a746-0800200b9a66" version="00.00.000" uri="../flowproperties/93a60a56-a3c8-11da-a746-0800200b9a66.xml">
                <common:shortDescription xml:lang="en">Mass</common:shortDescription>
            </referenceToFlowPropertyDataSet>
            <meanValue>1.0</meanValue>
        </flowProperty>
        <flowProperty dataSetInternalID="1">
            <referenceToFlowPropertyDataSet type="flow property data set" refObjectId="93a60a56-a3c8-11da-a746-0800200c9a66" version="28.00.000" uri="../flowproperties/93a60a56-a3c8-11da-a746-0800200c9a66.xml">
                <common:shortDescription xml:lang="en">Net calorific value</common:shortDescription>
            </referenceToFlowPropertyDataSet>
            <meanValue>21.0</meanValue>
        </flowProperty>
        <flowProperty dataSetInternalID="2">
            <referenceToFlowPropertyDataSet type="flow property data set" refObjectId="93a60a56-a3c8-14da-a746-0800200c9a66" version="28.00.000" uri="../flowproperties/93a60a56-a3c8-14da-a746-0800200c9a66.xml">
                <common:shortDescription xml:lang="en">Gross calorific value</common:shortDescription>
            </referenceToFlowPropertyDataSet>
            <meanValue>23.10000015477</meanValue>
        </flowProperty>
        <flowProperty dataSetInternalID="3">
            <referenceToFlowPropertyDataSet type="flow property data set" refObjectId="75c6769f-cc71-4217-b3cd-7e83025eb39f" version="28.00.000" uri="../flowproperties/75c6769f-cc71-4217-b3cd-7e83025eb39f.xml">
                <common:shortDescription xml:lang="en">Polymer materials (unspecified)</common:shortDescription>
            </referenceToFlowPropertyDataSet>
            <meanValue>1.0</meanValue>
        </flowProperty>
    </flowProperties>
</flowDataSet>
