﻿<?xml version='1.0'?><?xml-stylesheet type='text/xsl' href='../../stylesheets/contact2html.xsl' ?>
<contactDataSet xmlns:common="http://lca.jrc.it/ILCD/Common" xmlns="http://lca.jrc.it/ILCD/Contact" xmlns:xsi="http://www.w3.org/2001/XMLSchema-instance" version="1.1"
  xsi:schemaLocation="http://lca.jrc.it/ILCD/Contact ../../schemas/ILCD_ContactDataSet.xsd">
  <contactInformation>
    <dataSetInformation>
      <common:UUID>01a117b0-9a1a-11da-b234-0800200aa162</common:UUID>
      <common:shortName xml:lang="en">maki</common:shortName>
      <common:name xml:lang="en">maki Consulting GmbH</common:name>
      <classificationInformation>
        <common:classification>
          <common:class level="0">Organisations</common:class>
          <common:class level="1">Private companies</common:class>
        </common:classification>
      </classificationInformation>
      <contactAddress xml:lang="en">maki Consulting GmbH, Wendelsteinstr. 42, 83059 Kolbermoor, Germany</contactAddress>
      <WWWAddress>http://www.maki-consulting.com</WWWAddress>
      <centralContactPoint xml:lang="en">maki Consulting GmbH, Wendelsteinstr. 42, 83059 Kolbermoor, Germany</centralContactPoint>
    </dataSetInformation>
  </contactInformation>
  <administrativeInformation>
    <dataEntryBy>
      <common:timeStamp>2017-07-06T15:43:06.109+01:00</common:timeStamp>
      <common:referenceToDataSetFormat type="source data set" refObjectId="a97a0155-0234-4b87-b4ce-a45da52f2a40" uri="../sources/a97a0155-0234-4b87-b4ce-a45da52f2a40.xml">
        <common:shortDescription>ILCD format</common:shortDescription>
      </common:referenceToDataSetFormat>
    </dataEntryBy>
    <publicationAndOwnership>
      <common:dataSetVersion>01.01.000</common:dataSetVersion>
    </publicationAndOwnership>
  </administrativeInformation>
</contactDataSet>
