<?xml version="1.0" encoding="utf-8"?>
<?xml-stylesheet version="1.0" href="../../stylesheets/contact2html.xsl" type="text/xsl"?>
<contactDataSet xmlns="http://lca.jrc.it/ILCD/Contact" xmlns:common="http://lca.jrc.it/ILCD/Common" xmlns:xsi="http://www.w3.org/2001/XMLSchema-instance" xsi:schemaLocation="http://lca.jrc.it/ILCD/Contact ../../schemas/ILCD_ContactDataSet.xsd" version="1.1">
  <contactInformation>
    <dataSetInformation>
      <common:UUID>119923fd-f852-41d2-736d-298a8f73456a</common:UUID>
      <common:shortName xml:lang="en">Magic Masterreviewer</common:shortName>
      <common:name xml:lang="en">Magic Masterreviewer, Expert road 14, Review city, Nowhereland</common:name>
      <classificationInformation>
        <common:classification>
          <common:class level="0">Organisations</common:class>
          <common:class level="1">Private companies</common:class>
        </common:classification>
      </classificationInformation>
      <contactAddress xml:lang="en">Expert road 14, Review city, Nowhereland</contactAddress>
      <telephone>+49 (0) 111 289999 0</telephone>
      <telefax>+49 (0) 111 289999 11</telefax>
      <email>MMR@here.com</email>
      <WWWAddress>http://www.here.com</WWWAddress>
      <centralContactPoint xml:lang="en">Expert road 14, Review city, Nowhereland</centralContactPoint>
    </dataSetInformation>
  </contactInformation>
  <administrativeInformation>
    <dataEntryBy>
      <common:timeStamp>2017-01-20T10:26:17+01:00</common:timeStamp>
      <common:referenceToDataSetFormat type="source data set" uri="../sources/a97a0155-0234-4b87-b4ce-a45da52f2a40.xml" refObjectId="a97a0155-0234-4b87-b4ce-a45da52f2a40">
        <common:shortDescription>ILCD format</common:shortDescription>
      </common:referenceToDataSetFormat>
    </dataEntryBy>
    <publicationAndOwnership>
      <common:dataSetVersion>01.00.000</common:dataSetVersion>
      <common:permanentDataSetURI>http://lca.jrc.ec.europa.eu/lcainfohub/datasets/elcd/contacts/119923fd-f852-41d2-736d-298a8f73456a.xml</common:permanentDataSetURI>
    </publicationAndOwnership>
  </administrativeInformation>
</contactDataSet>
