<?xml version='1.0'?><?xml-stylesheet type='text/xsl' href='../../stylesheets/contact2html.xsl' ?>
<contactDataSet xmlns:common="http://lca.jrc.it/ILCD/Common" xmlns="http://lca.jrc.it/ILCD/Contact" xmlns:xsi="http://www.w3.org/2001/XMLSchema-instance" version="1.1" xsi:schemaLocation="http://lca.jrc.it/ILCD/Contact ../../schemas/ILCD_ContactDataSet.xsd">
    <contactInformation>
        <dataSetInformation>
            <common:UUID>5bb337b0-9a1a-11da-a72b-0800200c9a62</common:UUID>
            <common:shortName xml:lang="en">EC, DG ENV</common:shortName>
            <common:name xml:lang="en">European Commission, Directorate-General Environment</common:name>
            <classificationInformation>
                <common:classification>
                    <common:class level="0">Organisations</common:class>
                    <common:class level="1">Governmental organisations</common:class>
                </common:classification>
            </classificationInformation>
            <contactAddress xml:lang="en">EC, DG ENV, Avenue de Beaulieu 5, B-1049 Brussels, Belgium</contactAddress>
            <WWWAddress>http://ec.europa.eu/environment</WWWAddress>
            <centralContactPoint xml:lang="en">EC, DG ENV, Avenue de Beaulieu 5, B-1049 Brussels, Belgium</centralContactPoint>
        </dataSetInformation>
    </contactInformation>
    <administrativeInformation>
        <dataEntryBy>
            <common:timeStamp>2012-01-04T15:43:06.109+01:00</common:timeStamp>
            <common:referenceToDataSetFormat type="source data set" refObjectId="a97a0155-0234-4b87-b4ce-a45da52f2a40" uri="../sources/a97a0155-0234-4b87-b4ce-a45da52f2a40.xml">
                <common:shortDescription>ILCD format</common:shortDescription>
            </common:referenceToDataSetFormat>
        </dataEntryBy>
        <publicationAndOwnership>
            <common:dataSetVersion>02.01.000</common:dataSetVersion>
            <common:referenceToPrecedingDataSetVersion type="contact data set" refObjectId="5bb337b0-9a1a-11da-a72b-0800200c9a62" uri="http://lca.jrc.ec.europa.eu/lcainfohub/datasets/elcd/contacts/5bb337b0-9a1a-11da-a72b-0800200c9a62_02.00.000.xml">
                <common:shortDescription xml:lang="en">EC, DG ENV</common:shortDescription>
            </common:referenceToPrecedingDataSetVersion>
            <common:permanentDataSetURI>http://lca.jrc.ec.europa.eu/lcainfohub/datasets/elcd/contacts/5bb337b0-9a1a-11da-a72b-0800200c9a62.xml</common:permanentDataSetURI>
        </publicationAndOwnership>
    </administrativeInformation>
</contactDataSet>
