<?xml version="1.0" encoding="utf-8"?>
<?xml-stylesheet version="1.0" href="../../stylesheets/contact2html.xsl" type="text/xsl"?>
<contactDataSet xmlns="http://lca.jrc.it/ILCD/Contact" xmlns:common="http://lca.jrc.it/ILCD/Common" xmlns:xsi="http://www.w3.org/2001/XMLSchema-instance" xsi:schemaLocation="http://lca.jrc.it/ILCD/Contact ../../schemas/ILCD_ContactDataSet.xsd" version="1.1">
  <contactInformation>
    <dataSetInformation>
      <common:UUID>8b3e08f0-740a-43b1-aa8d-bec56c5daf6e</common:UUID>
      <common:shortName xml:lang="en">FINAL USER</common:shortName>
      <common:name xml:lang="en">Users modelling PEF studies in the 26 PEFCRs/OEFSRs of the environmental footprint pilot phase.</common:name>
      <classificationInformation>
        <common:classification>
          <common:class level="0">Organisations</common:class>
        </common:classification>
      </classificationInformation>
      <contactDescriptionOrComment xml:lang="en">see http://www.pe-international.com/fileadmin/gabi/EULA_European_Commission_-_use_of_thinkstep_LCI_d</contactDescriptionOrComment>
    </dataSetInformation>
  </contactInformation>
  <administrativeInformation>
    <dataEntryBy>
      <common:timeStamp>2016-05-09T12:02:13+01:00</common:timeStamp>
      <common:referenceToDataSetFormat refObjectId="a97a0155-0234-4b87-b4ce-a45da52f2a40" version="03.00.000" type="source data set" uri="../sources/a97a0155-0234-4b87-b4ce-a45da52f2a40.xml">
        <common:shortDescription xml:lang="en">ILCD format 1.1</common:shortDescription>
      </common:referenceToDataSetFormat>
    </dataEntryBy>
    <publicationAndOwnership>
      <common:dataSetVersion>29.00.000</common:dataSetVersion>
    </publicationAndOwnership>
  </administrativeInformation>
</contactDataSet>
