<?xml version="1.0" encoding="utf-8"?>
<?xml-stylesheet version="1.0" href="../../stylesheets/contact2html.xsl" type="text/xsl"?>
<contactDataSet xmlns="http://lca.jrc.it/ILCD/Contact" xmlns:common="http://lca.jrc.it/ILCD/Common" xmlns:xsi="http://www.w3.org/2001/XMLSchema-instance" xsi:schemaLocation="http://lca.jrc.it/ILCD/Contact ../../schemas/ILCD_ContactDataSet.xsd" version="1.1">
  <contactInformation>
    <dataSetInformation>
      <common:UUID>ba47c560-d6a9-99bc-a94d-1230208c9b71</common:UUID>
      <common:shortName xml:lang="en">maki</common:shortName>
      <common:name xml:lang="en">maki Consulting GmbH</common:name>
      <classificationInformation>
        <common:classification>
          <common:class level="0">Organisations</common:class>
          <common:class level="1">Private companies</common:class>
        </common:classification>
      </classificationInformation>
      <contactAddress xml:lang="en">maki Consulting GmbH, Wendelsteinstr. 42; 83059 Kolbermoor, Germany</contactAddress>
      <telephone>+49 (0)152 52725303</telephone>
      <email>info@maki-consulting.com</email>
      <WWWAddress>http://www.maki-consulting.com</WWWAddress>
    </dataSetInformation>
  </contactInformation>
  <administrativeInformation>
    <dataEntryBy>
      <common:timeStamp>2019-07-07T10:26:17+01:00</common:timeStamp>
      <common:referenceToDataSetFormat type="source data set" uri="../sources/a97a0155-0234-4b87-b4ce-a45da52f2a40.xml" refObjectId="a97a0155-0234-4b87-b4ce-a45da52f2a40">
        <common:shortDescription>ILCD format</common:shortDescription>
      </common:referenceToDataSetFormat>
    </dataEntryBy>
    <publicationAndOwnership>
      <common:dataSetVersion>01.02.000</common:dataSetVersion>
    </publicationAndOwnership>
  </administrativeInformation>
</contactDataSet>
