<?xml version="1.0" encoding="UTF-8" standalone="yes"?><?xml-stylesheet type='text/xsl' href='../../stylesheets/flow2html.xsl'?>
<flowDataSet xmlns:common="http://lca.jrc.it/ILCD/Common" xmlns="http://lca.jrc.it/ILCD/Flow" xmlns:xsi="http://www.w3.org/2001/XMLSchema-instance" version="1.1" xsi:schemaLocation="http://lca.jrc.it/ILCD/Flow ../../schemas/ILCD_FlowDataSet.xsd">
    <flowInformation>
        <dataSetInformation>
            <common:UUID>08a91e70-3ddc-11dd-9313-0050c2490048</common:UUID>
            <name>
                <baseName xml:lang="en">1,2-dibromoethane</baseName>
            </name>
            <common:synonyms xml:lang="en">.alpha.,.beta.-Dibromoethane;1,2 Dibromoethane;1,2,Dibromoethane;1,2-DIBROMO TETRADEUTERO ETHANE;1,2-Dibromaethan;1,2-Dibromoetano;1,2-Dibromoethane(Ethylene bromide);1,2-Dibromomethane;1,2-Dibroomethaan;1,2-Ethylene dibromide;12-DIBROMOETHANE;AB1002077;AC1L1PO3;AC1Q27RT;AKOS000118755;Aadibroom;Aethylenbromid;BB_SC-7189;Bromide, Ethylene;Bromofume;Bromuro di etile;Celmide;Dibromide, Ethylene;Dibromides, Ethylene;Dibromoethane, 1,2-;Dibromoethylene;Dibromure D'ethylene;Dibromure d'ethylene [ISO-French];Dowfume 40;Dowfume EDB;Dowfume W 85;Dowfume W-100;Dowfume W-8;Dowfume W-85;Dowfume W-90;Dowfume W85;Dwubromoetan;E-D-Bee;EDB;EDB-85;ENT 15,349;ETHYLENE DIBROMIDE;Edabrom;Ethane, 1,2-dibromo-;Ethylene  Bromide;Ethylene Dibromides;Ethylene bromide;Ethylene dibromide;Ethylene dibromide [BSI:ISO];Fumo-gas;Garden dowfume;Glycol Dibromide;Glycol bromide;I14-0229;Iscobrome D;KST-1A9517;Kopfume;NCI-C00522;Nefis;Pestmaster edb-85;Rcra waste number U067;Sanhyuum;Soilbrom;Soilbrom 90EC;Soilbrom-100;Soilbrom-40;Soilbrom-85;Soilbrom-90;Soilbrom-90ec;Soilfume;Unifume;alpha,beta-Dibromoethane;alpha,omega-Dibromoethane;dibromoet hane;nchembio.205-comp6;sym Dibromoethane;sym-Dibromoethane</common:synonyms>
            <common:synonyms xml:lang="de">1,2-Dibromäthan;Äthylenbromid</common:synonyms>
            <common:synonyms xml:lang="fr">Dibromure d'ethylene</common:synonyms>
            <common:synonyms xml:lang="it">1,2-Dibromoetano;Bromuro di etile</common:synonyms>
            <common:synonyms xml:lang="nl">1,2-Dibroomethaan</common:synonyms>
            <common:synonyms xml:lang="pl">Dwubromoetan</common:synonyms>
            <classificationInformation>
                <common:elementaryFlowCategorization>
                    <common:category level="0">Emissions</common:category>
                    <common:category level="1">Emissions to water</common:category>
                    <common:category level="2">Emissions to fresh water</common:category>
                </common:elementaryFlowCategorization>
            </classificationInformation>
            <CASNumber>000106-93-4</CASNumber>
            <common:generalComment xml:lang="en">Reference elementary flow of the International Reference Life Cycle Data System (ILCD).</common:generalComment>
        </dataSetInformation>
        <quantitativeReference>
            <referenceToReferenceFlowProperty>0</referenceToReferenceFlowProperty>
        </quantitativeReference>
    </flowInformation>
    <modellingAndValidation>
        <LCIMethod>
            <typeOfDataSet>Elementary flow</typeOfDataSet>
        </LCIMethod>
        <complianceDeclarations>
            <compliance>
                <common:referenceToComplianceSystem type="source data set" refObjectId="9ba3ac1e-6797-4cc0-afd5-1b8f7bf28c6a" uri="../sources/9ba3ac1e-6797-4cc0-afd5-1b8f7bf28c6a.xml">
                    <common:shortDescription xml:lang="en">ILCD Data Network - compliance (non-Process)</common:shortDescription>
                </common:referenceToComplianceSystem>
                <common:approvalOfOverallCompliance>Fully compliant</common:approvalOfOverallCompliance>
            </compliance>
        </complianceDeclarations>
    </modellingAndValidation>
    <administrativeInformation>
        <dataEntryBy>
            <common:timeStamp>2012-01-12T15:51:09.964+01:00</common:timeStamp>
            <common:referenceToDataSetFormat type="source data set" refObjectId="a97a0155-0234-4b87-b4ce-a45da52f2a40" uri="../sources/a97a0155-0234-4b87-b4ce-a45da52f2a40.xml">
                <common:shortDescription xml:lang="en">ILCD format</common:shortDescription>
            </common:referenceToDataSetFormat>
        </dataEntryBy>
        <publicationAndOwnership>
            <common:dataSetVersion>03.00.000</common:dataSetVersion>
            <common:permanentDataSetURI>http://lca.jrc.ec.europa.eu/lcainfohub/datasets/ilcd/flows/08a91e70-3ddc-11dd-9313-0050c2490048.xml</common:permanentDataSetURI>
        </publicationAndOwnership>
    </administrativeInformation>
    <flowProperties>
        <flowProperty dataSetInternalID="0">
            <referenceToFlowPropertyDataSet type="flow property data set" refObjectId="93a60a56-a3c8-11da-a746-0800200b9a66" uri="../flowproperties/93a60a56-a3c8-11da-a746-0800200b9a66.xml">
                <common:shortDescription xml:lang="en">Mass</common:shortDescription>
            </referenceToFlowPropertyDataSet>
            <meanValue>1.0</meanValue>
        </flowProperty>
    </flowProperties>
</flowDataSet>
