<?xml version="1.0" encoding="UTF-8" standalone="yes"?><?xml-stylesheet type='text/xsl' href='../../stylesheets/flow2html.xsl'?>
<flowDataSet xmlns:common="http://lca.jrc.it/ILCD/Common" xmlns="http://lca.jrc.it/ILCD/Flow" xmlns:xsi="http://www.w3.org/2001/XMLSchema-instance" version="1.1" xsi:schemaLocation="http://lca.jrc.it/ILCD/Flow ../../schemas/ILCD_FlowDataSet.xsd">
    <flowInformation>
        <dataSetInformation>
            <common:UUID>08a91e70-3ddc-11dd-975b-0050c2490048</common:UUID>
            <name>
                <baseName xml:lang="en">phenol</baseName>
            </name>
            <common:synonyms xml:lang="en">(14C)Phenol;1ai7;1li2;AB1002201;AC1L1AHZ;AC1Q791G;AKOS000119025;Acid, Carbolic;Acide carbolique;Baker's P &amp; S liquid &amp; Ointment;Baker's P and S Liquid and Ointment;Baker's p and s;Benzene, hydroxy-;Benzenol;Campho-Phenique Gel;Campho-Phenique Liquid;Carbolic acid, liquid;Carbolic oil;Carbolsaeure;Carbolsaure;Chlorinated phenols;Fenol;Fenol [Dutch, Polish];Fenolo;Fenosmolin;Fenosmoline;Hydroxybenzene;IPH;ISWSIDIOOBJBQZ-UHFFFAOYAI;Izal;Karbolsaeure;LTBB002354;Liquefied phenol;Liquefied phenol (TN);Liquid phenol;Liquified Phenol;Monohydroxy benzene;Monohydroxybenzene;Monophenol;NCI-C50124;Oxybenzene;P1610;PHENOL REAGE NT;PHENOL REAGENT;PHENOL, ACS;PHENOL, ULTRA PURE;PHENOL- D6;Paoscle;Paoscle (TN);PhOH;Phenic;Phenic acid;Phenol (JP15/USP);Phenol (TN);Phenol (liquid);Phenol alcohol;Phenol for disinfection;Phenol for disinfection (TN);Phenol homopolymer;Phenol, chloro derivs.;Phenol, labeled with carbon-14;Phenol, liquefied;Phenol, liquid;Phenol, molten;Phenol, polymer-bound;Phenol, pure;Phenol, solid;Phenol, sulfurated;Phenol, synthetic;Phenol-UL-14C;Phenole;Phenols;Phenosmolin;Phenyl alcohol;Phenyl hydrate;Phenyl hydroxide;Phenylic acid;Phenylic alcohol;Rcra waste number U188;SMR000568492;Sodium Salt Phenol;Synthetic phenol;TEA polyphenol;acide phenique;carbolic acid;phenylalcohol;phenylic acid, phenyl hydroxide</common:synonyms>
            <common:synonyms xml:lang="de">Carbolsaure;Phenole</common:synonyms>
            <common:synonyms xml:lang="fr">Acide carbolique</common:synonyms>
            <common:synonyms xml:lang="it">Fenolo</common:synonyms>
            <classificationInformation>
                <common:elementaryFlowCategorization>
                    <common:category level="0">Emissions</common:category>
                    <common:category level="1">Emissions to water</common:category>
                    <common:category level="2">Emissions to fresh water</common:category>
                </common:elementaryFlowCategorization>
            </classificationInformation>
            <CASNumber>000108-95-2</CASNumber>
            <common:generalComment xml:lang="en">Reference elementary flow of the International Reference Life Cycle Data System (ILCD).</common:generalComment>
        </dataSetInformation>
        <quantitativeReference>
            <referenceToReferenceFlowProperty>0</referenceToReferenceFlowProperty>
        </quantitativeReference>
    </flowInformation>
    <modellingAndValidation>
        <LCIMethod>
            <typeOfDataSet>Elementary flow</typeOfDataSet>
        </LCIMethod>
        <complianceDeclarations>
            <compliance>
                <common:referenceToComplianceSystem type="source data set" refObjectId="9ba3ac1e-6797-4cc0-afd5-1b8f7bf28c6a" uri="../sources/9ba3ac1e-6797-4cc0-afd5-1b8f7bf28c6a.xml">
                    <common:shortDescription xml:lang="en">ILCD Data Network - compliance (non-Process)</common:shortDescription>
                </common:referenceToComplianceSystem>
                <common:approvalOfOverallCompliance>Fully compliant</common:approvalOfOverallCompliance>
            </compliance>
        </complianceDeclarations>
    </modellingAndValidation>
    <administrativeInformation>
        <dataEntryBy>
            <common:timeStamp>2012-01-12T15:51:42.874+01:00</common:timeStamp>
            <common:referenceToDataSetFormat type="source data set" refObjectId="a97a0155-0234-4b87-b4ce-a45da52f2a40" uri="../sources/a97a0155-0234-4b87-b4ce-a45da52f2a40.xml">
                <common:shortDescription xml:lang="en">ILCD format</common:shortDescription>
            </common:referenceToDataSetFormat>
        </dataEntryBy>
        <publicationAndOwnership>
            <common:dataSetVersion>03.00.000</common:dataSetVersion>
            <common:permanentDataSetURI>http://lca.jrc.ec.europa.eu/lcainfohub/datasets/ilcd/flows/08a91e70-3ddc-11dd-975b-0050c2490048.xml</common:permanentDataSetURI>
        </publicationAndOwnership>
    </administrativeInformation>
    <flowProperties>
        <flowProperty dataSetInternalID="0">
            <referenceToFlowPropertyDataSet type="flow property data set" refObjectId="93a60a56-a3c8-11da-a746-0800200b9a66" uri="../flowproperties/93a60a56-a3c8-11da-a746-0800200b9a66.xml">
                <common:shortDescription xml:lang="en">Mass</common:shortDescription>
            </referenceToFlowPropertyDataSet>
            <meanValue>1.0</meanValue>
        </flowProperty>
    </flowProperties>
</flowDataSet>
