<?xml version="1.0" encoding="UTF-8" standalone="yes"?><?xml-stylesheet type='text/xsl' href='../../stylesheets/flow2html.xsl'?>
<flowDataSet xmlns:common="http://lca.jrc.it/ILCD/Common" xmlns="http://lca.jrc.it/ILCD/Flow" xmlns:xsi="http://www.w3.org/2001/XMLSchema-instance" version="1.1" xsi:schemaLocation="http://lca.jrc.it/ILCD/Flow ../../schemas/ILCD_FlowDataSet.xsd">
    <flowInformation>
        <dataSetInformation>
            <common:UUID>08a91e70-3ddc-11dd-978b-0050c2490048</common:UUID>
            <name>
                <baseName xml:lang="en">phosphine</baseName>
            </name>
            <common:synonyms xml:lang="en">4-THIOURIDINE-5'-PHOSPHATE;AB1002291;AC1L2NEV;AC1NUWBJ;AC1Q7DOO;AC1Q7DOP;AKOS004909650;Amgard CPC;Amgard CPC 405;Black phosphorus;Bonide blue death rat killer;Common sense cockroach and rat preparations;ECO2FUME;Exolit 385;Exolit 405;Exolit LPKN;Exolit LPKN 275;Exolit RP 605;Exolit RP 650;Exolit RP 652;Exolit RP 654;Exolit VPK-n 361;FR-T 2 (element);Fosforowodor;Gas-Ex-B;Gelber phosphor;Hishigado;Hishigado AP;Hishigado CP;Hishigado NP 10;Hishigado PL;Hostaflam RP 602;Hostaflam RP 614;Hostaflam RP 622;Hostaflam RP 654;Hydrogen phosphide;LTBB002623;Masteret 70450;NVE 140;Nova Sol R 20;Novaexcel 140;Novaexcel 150;Novaexcel F 5;Novaexcel ST 100;Novaexcel ST 140;Novaexcel ST 300;Novared 120UF;Novared 120UFA;Novared 120VFA;Novared 140;Novared 280;Novared C 120;Novared F 5;PHOSPHORUS;Phosphine (fumigant);Phosphor;Phosphoretted hydrogen;Phosphorus (red);Phosphorus hydride;Phosphorus trihydride;Phosphorus, white;Phosphorus-31;Phosphorwasserstoff;Rat-Nip;Red phosphorus;S4U;Trihydrogen phosphide;Violet phosphorus;White Phosphorus;[PH3];fosfano;fosfina;fosforo;hydrogen phosphorus, PH3;phosphane;phosphore;trihydridophosphorus</common:synonyms>
            <common:synonyms xml:lang="de">Gelber phosphor;Phosphorwasserstoff</common:synonyms>
            <common:synonyms xml:lang="pl">Fosforowodor</common:synonyms>
            <classificationInformation>
                <common:elementaryFlowCategorization>
                    <common:category level="0">Emissions</common:category>
                    <common:category level="1">Emissions to air</common:category>
                    <common:category level="2">Emissions to air, unspecified</common:category>
                </common:elementaryFlowCategorization>
            </classificationInformation>
            <CASNumber>007803-51-2</CASNumber>
            <common:generalComment xml:lang="en">Reference elementary flow of the International Reference Life Cycle Data System (ILCD).</common:generalComment>
        </dataSetInformation>
        <quantitativeReference>
            <referenceToReferenceFlowProperty>0</referenceToReferenceFlowProperty>
        </quantitativeReference>
    </flowInformation>
    <modellingAndValidation>
        <LCIMethod>
            <typeOfDataSet>Elementary flow</typeOfDataSet>
        </LCIMethod>
        <complianceDeclarations>
            <compliance>
                <common:referenceToComplianceSystem type="source data set" refObjectId="9ba3ac1e-6797-4cc0-afd5-1b8f7bf28c6a" uri="../sources/9ba3ac1e-6797-4cc0-afd5-1b8f7bf28c6a.xml">
                    <common:shortDescription xml:lang="en">ILCD Data Network - compliance (non-Process)</common:shortDescription>
                </common:referenceToComplianceSystem>
                <common:approvalOfOverallCompliance>Fully compliant</common:approvalOfOverallCompliance>
            </compliance>
        </complianceDeclarations>
    </modellingAndValidation>
    <administrativeInformation>
        <dataEntryBy>
            <common:timeStamp>2012-01-12T15:51:43.298+01:00</common:timeStamp>
            <common:referenceToDataSetFormat type="source data set" refObjectId="a97a0155-0234-4b87-b4ce-a45da52f2a40" uri="../sources/a97a0155-0234-4b87-b4ce-a45da52f2a40.xml">
                <common:shortDescription xml:lang="en">ILCD format</common:shortDescription>
            </common:referenceToDataSetFormat>
        </dataEntryBy>
        <publicationAndOwnership>
            <common:dataSetVersion>03.00.000</common:dataSetVersion>
            <common:permanentDataSetURI>http://lca.jrc.ec.europa.eu/lcainfohub/datasets/ilcd/flows/08a91e70-3ddc-11dd-978b-0050c2490048.xml</common:permanentDataSetURI>
        </publicationAndOwnership>
    </administrativeInformation>
    <flowProperties>
        <flowProperty dataSetInternalID="0">
            <referenceToFlowPropertyDataSet type="flow property data set" refObjectId="93a60a56-a3c8-11da-a746-0800200b9a66" uri="../flowproperties/93a60a56-a3c8-11da-a746-0800200b9a66.xml">
                <common:shortDescription xml:lang="en">Mass</common:shortDescription>
            </referenceToFlowPropertyDataSet>
            <meanValue>1.0</meanValue>
        </flowProperty>
    </flowProperties>
</flowDataSet>
