<?xml version="1.0" encoding="UTF-8" standalone="yes"?><?xml-stylesheet type='text/xsl' href='../../stylesheets/flow2html.xsl'?>
<flowDataSet xmlns:common="http://lca.jrc.it/ILCD/Common" xmlns="http://lca.jrc.it/ILCD/Flow" xmlns:xsi="http://www.w3.org/2001/XMLSchema-instance" version="1.1" xsi:schemaLocation="http://lca.jrc.it/ILCD/Flow ../../schemas/ILCD_FlowDataSet.xsd">
    <flowInformation>
        <dataSetInformation>
            <common:UUID>08a91e70-3ddc-11dd-951d-0050c2490048</common:UUID>
            <name>
                <baseName xml:lang="en">acetic acid</baseName>
            </name>
            <common:synonyms xml:lang="en">10.Methanecarboxylic acid;AC1L18NC;AC1Q2BPJ;ACETIC ACID, GLACIAL, ACS;ACY;AKOS000268789;Acetasol;Acetasol (TN);Acetic acid glacial;Acetic acid, diluted;Acetic acid, glacial;Acetic acid, propionic acid distillate;Aci-jel;Acid Glacial, Acetic;Acid, Acetic;Acid, Glacial Acetic;Acide acetique;Acido acetico;Azijnzuur;CBM;CH3-COOH;Carboxylic acids, C2-3;Carboxymethyl Group;Cellulose, diacetate;Essigsaeure;Ethanoic acid monomer;Ethylic acid;Glacial acetic acid;Glacial, Acetic Acid;HOAc;Kyselina octova;MO 08470;Methanecarboxylic acid;Octowy kwas;Orlex;Otic Domeboro;Pyroligneous acid;Sodium acetate, anhydrous or trihydrate;Vinegar;Vinegar acid;Volsol;Vosol;acetate;cellulose diacetate;ethanoic acid;ethoic acid;nchembio.198-comp16</common:synonyms>
            <common:synonyms xml:lang="de">Essigsäure</common:synonyms>
            <common:synonyms xml:lang="cs">Kyselina octova</common:synonyms>
            <common:synonyms xml:lang="fr">Acide acetique</common:synonyms>
            <common:synonyms xml:lang="it">Acido acetico</common:synonyms>
            <common:synonyms xml:lang="nl">Azijnzuur</common:synonyms>
            <common:synonyms xml:lang="pl">Octowy kwas</common:synonyms>
            <classificationInformation>
                <common:elementaryFlowCategorization>
                    <common:category level="0">Emissions</common:category>
                    <common:category level="1">Emissions to water</common:category>
                    <common:category level="2">Emissions to sea water</common:category>
                </common:elementaryFlowCategorization>
            </classificationInformation>
            <CASNumber>000064-19-7</CASNumber>
            <common:generalComment xml:lang="en">Reference elementary flow of the International Reference Life Cycle Data System (ILCD).</common:generalComment>
        </dataSetInformation>
        <quantitativeReference>
            <referenceToReferenceFlowProperty>0</referenceToReferenceFlowProperty>
        </quantitativeReference>
    </flowInformation>
    <modellingAndValidation>
        <LCIMethod>
            <typeOfDataSet>Elementary flow</typeOfDataSet>
        </LCIMethod>
        <complianceDeclarations>
            <compliance>
                <common:referenceToComplianceSystem type="source data set" refObjectId="9ba3ac1e-6797-4cc0-afd5-1b8f7bf28c6a" uri="../sources/9ba3ac1e-6797-4cc0-afd5-1b8f7bf28c6a.xml">
                    <common:shortDescription xml:lang="en">ILCD Data Network - compliance (non-Process)</common:shortDescription>
                </common:referenceToComplianceSystem>
                <common:approvalOfOverallCompliance>Fully compliant</common:approvalOfOverallCompliance>
            </compliance>
        </complianceDeclarations>
    </modellingAndValidation>
    <administrativeInformation>
        <dataEntryBy>
            <common:timeStamp>2012-01-12T15:51:19.549+01:00</common:timeStamp>
            <common:referenceToDataSetFormat type="source data set" refObjectId="a97a0155-0234-4b87-b4ce-a45da52f2a40" uri="../sources/a97a0155-0234-4b87-b4ce-a45da52f2a40.xml">
                <common:shortDescription xml:lang="en">ILCD format</common:shortDescription>
            </common:referenceToDataSetFormat>
        </dataEntryBy>
        <publicationAndOwnership>
            <common:dataSetVersion>03.00.000</common:dataSetVersion>
            <common:permanentDataSetURI>http://lca.jrc.ec.europa.eu/lcainfohub/datasets/ilcd/flows/08a91e70-3ddc-11dd-951d-0050c2490048.xml</common:permanentDataSetURI>
        </publicationAndOwnership>
    </administrativeInformation>
    <flowProperties>
        <flowProperty dataSetInternalID="0">
            <referenceToFlowPropertyDataSet type="flow property data set" refObjectId="93a60a56-a3c8-11da-a746-0800200b9a66" uri="../flowproperties/93a60a56-a3c8-11da-a746-0800200b9a66.xml">
                <common:shortDescription xml:lang="en">Mass</common:shortDescription>
            </referenceToFlowPropertyDataSet>
            <meanValue>1.0</meanValue>
        </flowProperty>
    </flowProperties>
</flowDataSet>
