<?xml version="1.0" encoding="UTF-8" standalone="yes"?><?xml-stylesheet type='text/xsl' href='../../stylesheets/flow2html.xsl'?>
<flowDataSet xmlns:common="http://lca.jrc.it/ILCD/Common" xmlns="http://lca.jrc.it/ILCD/Flow" xmlns:xsi="http://www.w3.org/2001/XMLSchema-instance" version="1.1" xsi:schemaLocation="http://lca.jrc.it/ILCD/Flow ../../schemas/ILCD_FlowDataSet.xsd">
    <flowInformation>
        <dataSetInformation>
            <common:UUID>08a91e70-3ddc-11dd-9b1c-0050c2490048</common:UUID>
            <name>
                <baseName xml:lang="en">triethylene glycol</baseName>
            </name>
            <common:synonyms xml:lang="en">1,2-Bis(2-hydroxyethoxy)ethane;2,2'-(1,2-Ethanediylbis(oxy))bisethanol;2,2'-(Ethylenedioxy)diethanol;2,2'-Ethylenedioxybis(ethanol);2,2'-Ethylenedioxydiethanol;2,2'-Ethylenedioxyethanol;2,2'-[ethane-1,2-diylbis(oxy)]diethanol;2-[2-(2-HYDROXY-ETHOXY)-ETHOXY]-ETHANOL;2-[2-(2-Hydroxyethoxy)ethoxy]ethanol;3,6-Dioxa-1,8-octanediol;3,6-Dioxaoctane-1,8-diol;AC1L1QFD;AC1Q7DA8;AKOS000120013;Bis(2-hydroxyethoxyethane);Di-.beta.-hydroxyethoxyethane;Di-beta-hydroxyethoxyethane;EDO-EDO-EDO;Ethanol, 2,2'-(1,2-ethanediylbis(oxy))bis-;Ethanol, 2,2'-(ethylenedioxy)di-;Ethanol, 2,2'-[1,2-ethanediylbis(oxy)]bis-;Ethylene glycol dihydroxydiethyl ether;Ethylene glycol-bis-(2-hydroxyethyl ether);Glycol bis(hydroxyethyl) ether;I14-2697;LTBB002423;T0428;TEG;Tri-ethylene glycol;Triethyleneglycol;Triethylenglykol;Trigen;Triglycol</common:synonyms>
            <common:synonyms xml:lang="cs">Triethylenglykol</common:synonyms>
            <classificationInformation>
                <common:elementaryFlowCategorization>
                    <common:category level="0">Emissions</common:category>
                    <common:category level="1">Emissions to water</common:category>
                    <common:category level="2">Emissions to fresh water</common:category>
                </common:elementaryFlowCategorization>
            </classificationInformation>
            <CASNumber>000112-27-6</CASNumber>
            <common:generalComment xml:lang="en">Reference elementary flow of the International Reference Life Cycle Data System (ILCD).</common:generalComment>
        </dataSetInformation>
        <quantitativeReference>
            <referenceToReferenceFlowProperty>0</referenceToReferenceFlowProperty>
        </quantitativeReference>
    </flowInformation>
    <modellingAndValidation>
        <LCIMethod>
            <typeOfDataSet>Elementary flow</typeOfDataSet>
        </LCIMethod>
        <complianceDeclarations>
            <compliance>
                <common:referenceToComplianceSystem type="source data set" refObjectId="9ba3ac1e-6797-4cc0-afd5-1b8f7bf28c6a" uri="../sources/9ba3ac1e-6797-4cc0-afd5-1b8f7bf28c6a.xml">
                    <common:shortDescription xml:lang="en">ILCD Data Network - compliance (non-Process)</common:shortDescription>
                </common:referenceToComplianceSystem>
                <common:approvalOfOverallCompliance>Fully compliant</common:approvalOfOverallCompliance>
            </compliance>
        </complianceDeclarations>
    </modellingAndValidation>
    <administrativeInformation>
        <dataEntryBy>
            <common:timeStamp>2012-01-12T15:51:48.419+01:00</common:timeStamp>
            <common:referenceToDataSetFormat type="source data set" refObjectId="a97a0155-0234-4b87-b4ce-a45da52f2a40" uri="../sources/a97a0155-0234-4b87-b4ce-a45da52f2a40.xml">
                <common:shortDescription xml:lang="en">ILCD format</common:shortDescription>
            </common:referenceToDataSetFormat>
        </dataEntryBy>
        <publicationAndOwnership>
            <common:dataSetVersion>03.00.000</common:dataSetVersion>
            <common:permanentDataSetURI>http://lca.jrc.ec.europa.eu/lcainfohub/datasets/ilcd/flows/08a91e70-3ddc-11dd-9b1c-0050c2490048.xml</common:permanentDataSetURI>
        </publicationAndOwnership>
    </administrativeInformation>
    <flowProperties>
        <flowProperty dataSetInternalID="0">
            <referenceToFlowPropertyDataSet type="flow property data set" refObjectId="93a60a56-a3c8-11da-a746-0800200b9a66" uri="../flowproperties/93a60a56-a3c8-11da-a746-0800200b9a66.xml">
                <common:shortDescription xml:lang="en">Mass</common:shortDescription>
            </referenceToFlowPropertyDataSet>
            <meanValue>1.0</meanValue>
        </flowProperty>
    </flowProperties>
</flowDataSet>
