<?xml version="1.0" encoding="UTF-8" standalone="yes"?><?xml-stylesheet type='text/xsl' href='../../stylesheets/flow2html.xsl'?>
<flowDataSet xmlns:common="http://lca.jrc.it/ILCD/Common" xmlns="http://lca.jrc.it/ILCD/Flow" xmlns:xsi="http://www.w3.org/2001/XMLSchema-instance" version="1.1" xsi:schemaLocation="http://lca.jrc.it/ILCD/Flow ../../schemas/ILCD_FlowDataSet.xsd">
    <flowInformation>
        <dataSetInformation>
            <common:UUID>08a91e70-3ddc-11dd-96cf-0050c2490048</common:UUID>
            <name>
                <baseName xml:lang="en">nickel</baseName>
            </name>
            <common:synonyms xml:lang="en">(59ni)nickel;(63ni)nickel;28Ni;AB1003639;AC1L1ACW;Alcan 756;C.I. 77775;CI 77775;Carbonyl nickel powder;Dextrin, nickel complex;EL12;Fibrex;Fibrex P;KST-1A1340;KST-1A1450;Metallic nickel;NI;NI 0901-S (harshaw);NP 2;Ni 0901-S;Ni 270;Ni 4303T;Ni(+);Ni+;Nichel;Nickel 200;Nickel 201;Nickel 205;Nickel 207;Nickel 270;Nickel [Nickel and certain nickel compounds];Nickel [Nickel and nickel compounds];Nickel catalyst;Nickel cation;Nickel compounds;Nickel ion;Nickel metal and insoluble compounds;Nickel on silica;Nickel on silica/alumina;Nickel particles;Nickel sponge;Nickel, dextrin complexes;Nickel, elemental;Nickel, elemental/metal;Nickel, ion (Ni1+);Nickel, metal and insoluble compounds;Nickel, metal, soluble, insoluble, and inorganic;Nickel, soluble compounds;Nickel, soluble salts;RCH 55/5;Raney alloy;Raney nickel;S0487;Skeletal Nickel Catalyst;niccolum;nickel(1+);nickel(1+) ion;nickel(I) cation;niquel</common:synonyms>
            <common:synonyms xml:lang="it">Nichel</common:synonyms>
            <classificationInformation>
                <common:elementaryFlowCategorization>
                    <common:category level="0">Emissions</common:category>
                    <common:category level="1">Emissions to soil</common:category>
                    <common:category level="2">Emissions to non-agricultural soil</common:category>
                </common:elementaryFlowCategorization>
            </classificationInformation>
            <CASNumber>007440-02-0</CASNumber>
            <common:generalComment xml:lang="en">CAS number of the metallic form is chosen. Note that this elementary flow is representing also all ions, unless individual elementary flows are differentiated by the to-be-applied LCIA methods, which are then to be preferred. Reference elementary flow of the International Reference Life Cycle Data System (ILCD).</common:generalComment>
        </dataSetInformation>
        <quantitativeReference>
            <referenceToReferenceFlowProperty>0</referenceToReferenceFlowProperty>
        </quantitativeReference>
    </flowInformation>
    <modellingAndValidation>
        <LCIMethod>
            <typeOfDataSet>Elementary flow</typeOfDataSet>
        </LCIMethod>
        <complianceDeclarations>
            <compliance>
                <common:referenceToComplianceSystem type="source data set" refObjectId="9ba3ac1e-6797-4cc0-afd5-1b8f7bf28c6a" uri="../sources/9ba3ac1e-6797-4cc0-afd5-1b8f7bf28c6a.xml">
                    <common:shortDescription xml:lang="en">ILCD Data Network - compliance (non-Process)</common:shortDescription>
                </common:referenceToComplianceSystem>
                <common:approvalOfOverallCompliance>Fully compliant</common:approvalOfOverallCompliance>
            </compliance>
        </complianceDeclarations>
    </modellingAndValidation>
    <administrativeInformation>
        <dataEntryBy>
            <common:timeStamp>2012-01-12T15:51:40.138+01:00</common:timeStamp>
            <common:referenceToDataSetFormat type="source data set" refObjectId="a97a0155-0234-4b87-b4ce-a45da52f2a40" uri="../sources/a97a0155-0234-4b87-b4ce-a45da52f2a40.xml">
                <common:shortDescription xml:lang="en">ILCD format</common:shortDescription>
            </common:referenceToDataSetFormat>
        </dataEntryBy>
        <publicationAndOwnership>
            <common:dataSetVersion>03.00.000</common:dataSetVersion>
            <common:permanentDataSetURI>http://lca.jrc.ec.europa.eu/lcainfohub/datasets/ilcd/flows/08a91e70-3ddc-11dd-96cf-0050c2490048.xml</common:permanentDataSetURI>
        </publicationAndOwnership>
    </administrativeInformation>
    <flowProperties>
        <flowProperty dataSetInternalID="0">
            <referenceToFlowPropertyDataSet type="flow property data set" refObjectId="93a60a56-a3c8-11da-a746-0800200b9a66" uri="../flowproperties/93a60a56-a3c8-11da-a746-0800200b9a66.xml">
                <common:shortDescription xml:lang="en">Mass</common:shortDescription>
            </referenceToFlowPropertyDataSet>
            <meanValue>1.0</meanValue>
        </flowProperty>
    </flowProperties>
</flowDataSet>
