<?xml version="1.0" encoding="UTF-8" standalone="yes"?><?xml-stylesheet type='text/xsl' href='../../stylesheets/flow2html.xsl'?>
<flowDataSet xmlns:common="http://lca.jrc.it/ILCD/Common" xmlns="http://lca.jrc.it/ILCD/Flow" xmlns:xsi="http://www.w3.org/2001/XMLSchema-instance" version="1.1" xsi:schemaLocation="http://lca.jrc.it/ILCD/Flow ../../schemas/ILCD_FlowDataSet.xsd">
    <flowInformation>
        <dataSetInformation>
            <common:UUID>08a91e70-3ddc-11dd-94e7-0050c2490048</common:UUID>
            <name>
                <baseName xml:lang="en">zinc</baseName>
            </name>
            <common:synonyms xml:lang="en">30Zn;AB1004144;AC1L2N4Y;Asarco L 15;Blue powder;Emanay zinc dust;Granular zinc;Jasad;Lead refinery vacuum zinc;Merrillite;Rheinzink;ZN1;Zinc (2+);Zinc (II);Zinc (II) cation;Zinc (II) ion;Zinc (dust or fume);Zinc (fume or dust);Zinc (metallic);Zinc 2+;Zinc and compounds;Zinc cation;Zinc dication;Zinc divalent ion;Zinc dust;Zinc ion (2+);Zinc ions;Zinc ore concentrate (trace elements);Zinc powder;Zinc preparation;Zinc(1+);Zinc(1-);Zinc(2+)ions;Zinc, elemental;Zinc, ion (Zn 1-);Zinc, ion (Zn1+);Zinc, ion (Zn2+);Zink;Zn(+);Zn(-);Zn(0);Zn(2+);Zn++;Zn+2;Zn2+;Znn;cinc;zinc anion;zinc ion;zinc ion (1+);zinc metallic;zinc(0);zinc(1+) ion;zinc(2+);zinc(I) cation;zinc(II) cation;zincide;zincide(-I);zincide(1-);zincum</common:synonyms>
            <classificationInformation>
                <common:elementaryFlowCategorization>
                    <common:category level="0">Emissions</common:category>
                    <common:category level="1">Emissions to water</common:category>
                    <common:category level="2">Emissions to fresh water</common:category>
                </common:elementaryFlowCategorization>
            </classificationInformation>
            <CASNumber>007440-66-6</CASNumber>
            <common:generalComment xml:lang="en">CAS number of the metallic form is chosen. Note that this elementary flow is representing also all ions, unless individual elementary flows are differentiated by the to-be-applied LCIA methods, which are then to be preferred. Reference elementary flow of the International Reference Life Cycle Data System (ILCD).</common:generalComment>
        </dataSetInformation>
        <quantitativeReference>
            <referenceToReferenceFlowProperty>0</referenceToReferenceFlowProperty>
        </quantitativeReference>
    </flowInformation>
    <modellingAndValidation>
        <LCIMethod>
            <typeOfDataSet>Elementary flow</typeOfDataSet>
        </LCIMethod>
        <complianceDeclarations>
            <compliance>
                <common:referenceToComplianceSystem type="source data set" refObjectId="9ba3ac1e-6797-4cc0-afd5-1b8f7bf28c6a" uri="../sources/9ba3ac1e-6797-4cc0-afd5-1b8f7bf28c6a.xml">
                    <common:shortDescription xml:lang="en">ILCD Data Network - compliance (non-Process)</common:shortDescription>
                </common:referenceToComplianceSystem>
                <common:approvalOfOverallCompliance>Fully compliant</common:approvalOfOverallCompliance>
            </compliance>
        </complianceDeclarations>
    </modellingAndValidation>
    <administrativeInformation>
        <dataEntryBy>
            <common:timeStamp>2012-01-12T15:51:49.242+01:00</common:timeStamp>
            <common:referenceToDataSetFormat type="source data set" refObjectId="a97a0155-0234-4b87-b4ce-a45da52f2a40" uri="../sources/a97a0155-0234-4b87-b4ce-a45da52f2a40.xml">
                <common:shortDescription xml:lang="en">ILCD format</common:shortDescription>
            </common:referenceToDataSetFormat>
        </dataEntryBy>
        <publicationAndOwnership>
            <common:dataSetVersion>03.00.000</common:dataSetVersion>
            <common:permanentDataSetURI>http://lca.jrc.ec.europa.eu/lcainfohub/datasets/ilcd/flows/08a91e70-3ddc-11dd-94e7-0050c2490048.xml</common:permanentDataSetURI>
        </publicationAndOwnership>
    </administrativeInformation>
    <flowProperties>
        <flowProperty dataSetInternalID="0">
            <referenceToFlowPropertyDataSet type="flow property data set" refObjectId="93a60a56-a3c8-11da-a746-0800200b9a66" uri="../flowproperties/93a60a56-a3c8-11da-a746-0800200b9a66.xml">
                <common:shortDescription xml:lang="en">Mass</common:shortDescription>
            </referenceToFlowPropertyDataSet>
            <meanValue>1.0</meanValue>
        </flowProperty>
    </flowProperties>
</flowDataSet>
