<?xml version="1.0" encoding="UTF-8" standalone="yes"?><?xml-stylesheet type='text/xsl' href='../../stylesheets/flow2html.xsl'?>
<flowDataSet xmlns:common="http://lca.jrc.it/ILCD/Common" xmlns="http://lca.jrc.it/ILCD/Flow" xmlns:xsi="http://www.w3.org/2001/XMLSchema-instance" version="1.1" xsi:schemaLocation="http://lca.jrc.it/ILCD/Flow ../../schemas/ILCD_FlowDataSet.xsd">
    <flowInformation>
        <dataSetInformation>
            <common:UUID>08a91e70-3ddc-11dd-9bcd-0050c2490048</common:UUID>
            <name>
                <baseName xml:lang="en">manganese</baseName>
            </name>
            <common:synonyms xml:lang="en">(52mn)manganese;(53mn)manganese;(54mn)manganese;(56mn)manganese;25Mn;AC1L2N3C;Colloidal manganese;Cutaval;KST-1A1324;KST-1A1383;KST-1A1540;KST-1A2132;MANGANESE COMPOUNDS;MN;MN2;Magnacat;Mangan;Mangan nitridovany;Manganese and inorganic compounds;Manganese compounds and fumes (as Mn);Manganese fume;Manganese metal alloy;Manganese(1-);Manganese(7+);Manganese, elemental;Manganese, ion (Mn(7+));Manganese, ion (Mn1-);Mn(-);Mn(0);Mn(4+);Tronamang;manganese(0);manganese(4+);manganese(4+) ion;manganese(IV) cation;manganeso;manganide(-I);manganide(1-);manganum</common:synonyms>
            <common:synonyms xml:lang="cs">Mangan nitridovany</common:synonyms>
            <common:synonyms xml:lang="pl">Mangan</common:synonyms>
            <classificationInformation>
                <common:elementaryFlowCategorization>
                    <common:category level="0">Emissions</common:category>
                    <common:category level="1">Emissions to soil</common:category>
                    <common:category level="2">Emissions to non-agricultural soil</common:category>
                </common:elementaryFlowCategorization>
            </classificationInformation>
            <CASNumber>007439-96-5</CASNumber>
            <common:generalComment xml:lang="en">Reference elementary flow of the International Reference Life Cycle Data System (ILCD).</common:generalComment>
        </dataSetInformation>
        <quantitativeReference>
            <referenceToReferenceFlowProperty>0</referenceToReferenceFlowProperty>
        </quantitativeReference>
    </flowInformation>
    <modellingAndValidation>
        <LCIMethod>
            <typeOfDataSet>Elementary flow</typeOfDataSet>
        </LCIMethod>
        <complianceDeclarations>
            <compliance>
                <common:referenceToComplianceSystem type="source data set" refObjectId="9ba3ac1e-6797-4cc0-afd5-1b8f7bf28c6a" uri="../sources/9ba3ac1e-6797-4cc0-afd5-1b8f7bf28c6a.xml">
                    <common:shortDescription xml:lang="en">ILCD Data Network - compliance (non-Process)</common:shortDescription>
                </common:referenceToComplianceSystem>
                <common:approvalOfOverallCompliance>Fully compliant</common:approvalOfOverallCompliance>
            </compliance>
        </complianceDeclarations>
    </modellingAndValidation>
    <administrativeInformation>
        <dataEntryBy>
            <common:timeStamp>2012-01-12T15:51:37.510+01:00</common:timeStamp>
            <common:referenceToDataSetFormat type="source data set" refObjectId="a97a0155-0234-4b87-b4ce-a45da52f2a40" uri="../sources/a97a0155-0234-4b87-b4ce-a45da52f2a40.xml">
                <common:shortDescription xml:lang="en">ILCD format</common:shortDescription>
            </common:referenceToDataSetFormat>
        </dataEntryBy>
        <publicationAndOwnership>
            <common:dataSetVersion>03.00.000</common:dataSetVersion>
            <common:permanentDataSetURI>http://lca.jrc.ec.europa.eu/lcainfohub/datasets/ilcd/flows/08a91e70-3ddc-11dd-9bcd-0050c2490048.xml</common:permanentDataSetURI>
        </publicationAndOwnership>
    </administrativeInformation>
    <flowProperties>
        <flowProperty dataSetInternalID="0">
            <referenceToFlowPropertyDataSet type="flow property data set" refObjectId="93a60a56-a3c8-11da-a746-0800200b9a66" uri="../flowproperties/93a60a56-a3c8-11da-a746-0800200b9a66.xml">
                <common:shortDescription xml:lang="en">Mass</common:shortDescription>
            </referenceToFlowPropertyDataSet>
            <meanValue>1.0</meanValue>
        </flowProperty>
    </flowProperties>
</flowDataSet>
