<?xml version="1.0" encoding="UTF-8" standalone="yes"?><?xml-stylesheet type='text/xsl' href='../../stylesheets/flow2html.xsl'?>
<flowDataSet xmlns:common="http://lca.jrc.it/ILCD/Common" xmlns="http://lca.jrc.it/ILCD/Flow" xmlns:xsi="http://www.w3.org/2001/XMLSchema-instance" version="1.1" xsi:schemaLocation="http://lca.jrc.it/ILCD/Flow ../../schemas/ILCD_FlowDataSet.xsd">
    <flowInformation>
        <dataSetInformation>
            <common:UUID>08a91e70-3ddc-11dd-962f-0050c2490048</common:UUID>
            <name>
                <baseName xml:lang="en">atrazine</baseName>
            </name>
            <common:synonyms xml:lang="en">-Chloro-3-ethylamino-5-isopropylamino-2,4,6-triazine;1,3,5-Triazine-2,4-diamine, 6-chloro-N-ethyl-N'-(1-methylethyl)-;1,3,5-Triazine-2,4-diamine, 6-chloro-N-ethyl-N'-(1-methylethyl)- (9CI);1,3,5-Triazine-2,4-diamine, 6-chloro-N2-ethyl-N4-(1-methylethyl)-;1-Chloro-3-(ethylamino)-5-(isopropylamino)-2,4,6-triazine;1-Chloro-3-(ethylamino)-5-(isopropylamino)-s-triazine;1-Chloro-3-ethylamino-5-isopropylamino-2,4,6-triazine;1-Chloro-3-ethylamino-5-isopropylamino-s-triazine;2-Aethylamino-4-chlor-6-isopropylamino-1,3,5-triazin;2-Aethylamino-4-isopropylamino-6-chlor-1,3,5-triazin;2-CHLORO-4-ETHYLAMINO-6-ISOPROPYLAMINO-sym-TRIAZINE;2-CHLORO-4-ISOPROPYLAMINO-6-ETHYLAMINO -1,3,5-TRIAZINE;2-CHLORO-4-ISOPROPYLAMINO-6-ETHYLAMINO-1,3,5-TRIAZINE;2-Chloro-4-(2-propylamino)-6-(ethylamino)-s-triazine;2-Chloro-4-(2-propylamino)-6-ethylamino-s-triazine;2-Chloro-4-(ethylamino)-6-(isopropylamino)-1,3,5-triazine;2-Chloro-4-(ethylamino)-6-(isopropylamino)-s-triazine;2-Chloro-4-(ethylamino)-6-(isopropylamino)triazine;2-Chloro-4-ethylamineisopropylamine-s-triazine;2-Chloro-4-ethylamino-6-isopropylamino-1,3,5-triazine;2-Chloro-4-ethylamino-6-isopropylamino-s-triazine;2-Ethylamino-4-isopropylamino-6-chloro-s-triazine;2-chloro-4-ethyl-amino-6-isopropylamino-s-triazine;2-chloro-4-ethylamino-6-isopropylamino-1,3,5-triazine-ring-ul-14C;6-Chloro-N-ethyl-N'-(1-methylethyl)-1,3,5-triazine-2,4-diamine;6-Chloro-N2-ethyl-N4-isopropyl-1,3,5-triazine-2,4-diamine;6-chloro-4-N-ethyl-2-N-propan-2-yl-1,3,5-triazine-2,4-diamine;6-chloro-N-ethyl-N'-(propan-2-yl)-1,3,5-triazine-2,4-diamine;6-chloro-N-ethyl-N'-isopropyl-1,3,5-triazine-2,4-diamine;A 361;AC-12056;AC1L1D9U;AC1Q31I9;AKOS001023901;AKOS003625798;Aatram;Aatram 20G;Aatrex;Aatrex 4L;Aatrex 80W;Aatrex nine-O;Actinite PK;Akticon;Aktikon;Aktikon PK;Aktinit A;Aktinit PK;Aneldazin;Argezin;Atazinax;Atranex;Atrasine;Atrataf;Atratol;Atratol A;Atrazin;Atrazine [ANSI:BSI:ISO];Atrazine-ring-UL-14C;Atred;Atrex;Azoprim;Candex;Ceasin 50;Cekuzina-T;Chromozin;Crisamina;Crisatrina;Crisazina;Crisazine;Cyazin;Cyazine;Farmco atrazine;Fenamin;Fenatrol;Fermco atrazine;G 30027;Geigy 30,027;Gesamprim;Gesaprim;Gesaprim 50;Gesaprim 500;Gesaprin;Gesoprim;Griffex;Herbatoxol;Hungazin;Hungazin (VAN);Hungazin PK;I14-1570;Inakor;Laddock;Maizina;Oleogesaprim;Oleogesaprim 200;Oprea1_839865;Pitezin;Primatol;Primatol A;Primaze;Primitol A;Radazin;Radizin;Radizine;SBB003393;SMR000255992;STL115099;Shell atrazine herbicide;SpecPlus_000422;Strazine;Triazine A 1294;Vectal;Vectal SC;Weedex A;Wonuk;Zeapho;Zeapos;Zeazin;Zeazine;Zeopos;nchembio.369-comp1;s-Triazine, 2-chloro-4-(ethylamino)-6-(isopropylamino)-;s-Triazine, 2-chloro-4-ethylamino-6-isopropylamino-</common:synonyms>
            <common:synonyms xml:lang="de">2-Äthylamino-4-chlor-6-isopropylamino-1,3,5-triazin;2-Äthylamino-4-isopropylamino-6-chlor-1,3,5-triazin</common:synonyms>
            <classificationInformation>
                <common:elementaryFlowCategorization>
                    <common:category level="0">Emissions</common:category>
                    <common:category level="1">Emissions to water</common:category>
                    <common:category level="2">Emissions to fresh water</common:category>
                </common:elementaryFlowCategorization>
            </classificationInformation>
            <CASNumber>001912-24-9</CASNumber>
            <common:generalComment xml:lang="en">Reference elementary flow of the International Reference Life Cycle Data System (ILCD).</common:generalComment>
        </dataSetInformation>
        <quantitativeReference>
            <referenceToReferenceFlowProperty>0</referenceToReferenceFlowProperty>
        </quantitativeReference>
    </flowInformation>
    <modellingAndValidation>
        <LCIMethod>
            <typeOfDataSet>Elementary flow</typeOfDataSet>
        </LCIMethod>
        <complianceDeclarations>
            <compliance>
                <common:referenceToComplianceSystem type="source data set" refObjectId="9ba3ac1e-6797-4cc0-afd5-1b8f7bf28c6a" uri="../sources/9ba3ac1e-6797-4cc0-afd5-1b8f7bf28c6a.xml">
                    <common:shortDescription xml:lang="en">ILCD Data Network - compliance (non-Process)</common:shortDescription>
                </common:referenceToComplianceSystem>
                <common:approvalOfOverallCompliance>Fully compliant</common:approvalOfOverallCompliance>
            </compliance>
        </complianceDeclarations>
    </modellingAndValidation>
    <administrativeInformation>
        <dataEntryBy>
            <common:timeStamp>2012-01-12T15:51:21.371+01:00</common:timeStamp>
            <common:referenceToDataSetFormat type="source data set" refObjectId="a97a0155-0234-4b87-b4ce-a45da52f2a40" uri="../sources/a97a0155-0234-4b87-b4ce-a45da52f2a40.xml">
                <common:shortDescription xml:lang="en">ILCD format</common:shortDescription>
            </common:referenceToDataSetFormat>
        </dataEntryBy>
        <publicationAndOwnership>
            <common:dataSetVersion>03.00.000</common:dataSetVersion>
            <common:permanentDataSetURI>http://lca.jrc.ec.europa.eu/lcainfohub/datasets/ilcd/flows/08a91e70-3ddc-11dd-962f-0050c2490048.xml</common:permanentDataSetURI>
        </publicationAndOwnership>
    </administrativeInformation>
    <flowProperties>
        <flowProperty dataSetInternalID="0">
            <referenceToFlowPropertyDataSet type="flow property data set" refObjectId="93a60a56-a3c8-11da-a746-0800200b9a66" uri="../flowproperties/93a60a56-a3c8-11da-a746-0800200b9a66.xml">
                <common:shortDescription xml:lang="en">Mass</common:shortDescription>
            </referenceToFlowPropertyDataSet>
            <meanValue>1.0</meanValue>
        </flowProperty>
    </flowProperties>
</flowDataSet>
