<?xml version="1.0" encoding="UTF-8" standalone="yes"?><?xml-stylesheet type='text/xsl' href='../../stylesheets/flow2html.xsl'?>
<flowDataSet xmlns:common="http://lca.jrc.it/ILCD/Common" xmlns="http://lca.jrc.it/ILCD/Flow" xmlns:xsi="http://www.w3.org/2001/XMLSchema-instance" version="1.1" xsi:schemaLocation="http://lca.jrc.it/ILCD/Flow ../../schemas/ILCD_FlowDataSet.xsd">
    <flowInformation>
        <dataSetInformation>
            <common:UUID>08a91e70-3ddc-11dd-97f9-0050c2490048</common:UUID>
            <name>
                <baseName xml:lang="en">baryte</baseName>
            </name>
            <common:synonyms xml:lang="en">AC1L2NF4;AC1LAOBB;Actybaryte;Artificial barite;Artificial heavy spar;BA147;BARIUM SULFATE;BF 10 (sulfate);Bakontal;Bar-Test;Baraflave;Baricon;Baricon (TN);Baridol;Barii sulphas;Barite;Barite (Ba(SO4));Baritogen deluxe;Baritop;Baritop 100;Baritop G Powder;Baritop P;Barium 100;Barium Andreu;Barium Sulfate (2:1);Barium sulfate (1:1);Barium sulfate (BaSO4);Barium sulfate (JP15/USP);Barium sulfuricum;Barium sulphate;Barium sulphate, natural;Barobag;Barocat;Barodense;Baroloid;Barosperse;Barosperse 110;Barosperse II;Barotrast;Baryta White;Barytes;Barytes 22;Baryum (sulfate de);Baryx Colloidal;Baryxine;Basofor;Bayrites;Blanc fixe;C.I. 77120;C.I. Pigment White 21;CI 77120;CI Pigment white 21;Citobaryum;Colonatrast;Danobaryt;E Z CAT;E-Z Preparations;E-Z-AC;E-Z-CAT;E-Z-Cat Concentrate;E-Z-HD;E-Z-Paque;E-Z-Paste esophageal cream;EZCAT;Enamel White;EneCat;EneMark;EneSet;EntroBar;Epi-C;Epi-Stat 57;Epi-Stat 61;Esopho-CAT;Esophotrast;Esophotrast esophageal cream;Eweiss;Finemeal;Gastropaque-S;Gel-Unix;HD 200 Plus;HD 85;HiTone;Intropaque;Lactobaryt;Liquibarine;Liquid Barosperse;Liquid E-Z-Paque;Liquid Polibar;Liquid Polibar Plus;Liquid Sol-O-Pake;Liquipake;Macropaque;Microbar;Microfanox;Micropaque;Micropaque Oral;Micropaque RD;Microtrast;Mikabarium B;Mikabarium F;Mixobar;Mixture III;Neobalgin;Neobar;Novopaque;Oesobar;Oratrast;Pigment White 22;Pigment white 21;Polibar;Precipitated barium sulphate;PrepCat;Radimix Colon;Radio-Baryx;Radiobaryt;Radiopaque;Raybar;Readi-CAT;Readi-CAT 2;Recto Barium;Redi-Flow;Rugar;SS 50;Sol-O-Pake;Solbar;Sparkle Granules;Sulfate, Barium;Sulfuric acid, barium salt (1:1);Supramike;Suspobar;Tixobar;TomoCat 1000 Concentrate;TomoCat Concentrate;TonoJug 2000;Tonopaque;Topcontral;Travad;Ultra-R;Umbrasol A;Unibaryt;Unit-Pak;Veri-O-Pake;X-Opac;barium(2+) sulfate</common:synonyms>
            <classificationInformation>
                <common:elementaryFlowCategorization>
                    <common:category level="0">Resources</common:category>
                    <common:category level="1">Resources from ground</common:category>
                    <common:category level="2">Non-renewable material resources from ground</common:category>
                </common:elementaryFlowCategorization>
            </classificationInformation>
            <CASNumber>007727-43-7</CASNumber>
            <common:generalComment xml:lang="en">Reference elementary flow of the International Reference Life Cycle Data System (ILCD).</common:generalComment>
        </dataSetInformation>
        <quantitativeReference>
            <referenceToReferenceFlowProperty>0</referenceToReferenceFlowProperty>
        </quantitativeReference>
    </flowInformation>
    <modellingAndValidation>
        <LCIMethod>
            <typeOfDataSet>Elementary flow</typeOfDataSet>
        </LCIMethod>
        <complianceDeclarations>
            <compliance>
                <common:referenceToComplianceSystem type="source data set" refObjectId="9ba3ac1e-6797-4cc0-afd5-1b8f7bf28c6a" uri="../sources/9ba3ac1e-6797-4cc0-afd5-1b8f7bf28c6a.xml">
                    <common:shortDescription xml:lang="en">ILCD Data Network - compliance (non-Process)</common:shortDescription>
                </common:referenceToComplianceSystem>
                <common:approvalOfOverallCompliance>Fully compliant</common:approvalOfOverallCompliance>
            </compliance>
        </complianceDeclarations>
    </modellingAndValidation>
    <administrativeInformation>
        <dataEntryBy>
            <common:timeStamp>2012-01-12T15:51:21.753+01:00</common:timeStamp>
            <common:referenceToDataSetFormat type="source data set" refObjectId="a97a0155-0234-4b87-b4ce-a45da52f2a40" uri="../sources/a97a0155-0234-4b87-b4ce-a45da52f2a40.xml">
                <common:shortDescription xml:lang="en">ILCD format</common:shortDescription>
            </common:referenceToDataSetFormat>
        </dataEntryBy>
        <publicationAndOwnership>
            <common:dataSetVersion>03.00.000</common:dataSetVersion>
            <common:permanentDataSetURI>http://lca.jrc.ec.europa.eu/lcainfohub/datasets/ilcd/flows/08a91e70-3ddc-11dd-97f9-0050c2490048.xml</common:permanentDataSetURI>
        </publicationAndOwnership>
    </administrativeInformation>
    <flowProperties>
        <flowProperty dataSetInternalID="0">
            <referenceToFlowPropertyDataSet type="flow property data set" refObjectId="93a60a56-a3c8-11da-a746-0800200b9a66" uri="../flowproperties/93a60a56-a3c8-11da-a746-0800200b9a66.xml">
                <common:shortDescription xml:lang="en">Mass</common:shortDescription>
            </referenceToFlowPropertyDataSet>
            <meanValue>1.0</meanValue>
        </flowProperty>
    </flowProperties>
</flowDataSet>
