<?xml version="1.0" encoding="UTF-8" standalone="yes"?><?xml-stylesheet type='text/xsl' href='../../stylesheets/flow2html.xsl'?>
<flowDataSet xmlns:common="http://lca.jrc.it/ILCD/Common" xmlns="http://lca.jrc.it/ILCD/Flow" xmlns:xsi="http://www.w3.org/2001/XMLSchema-instance" version="1.1" xsi:schemaLocation="http://lca.jrc.it/ILCD/Flow ../../schemas/ILCD_FlowDataSet.xsd">
    <flowInformation>
        <dataSetInformation>
            <common:UUID>08a91e70-3ddc-11dd-92f5-0050c2490048</common:UUID>
            <name>
                <baseName xml:lang="en">2,3,7,8-tetrachlorodibenzo-p-dioxin</baseName>
            </name>
            <common:synonyms xml:lang="en">2,3,7,8-:tetrachlorodibenzo-p-dioxin;2,3,7,8-Czterochlorodwubenzo-p-dwuoksyny;2,3,7,8-T4CDD;2,3,7,8-TCDD;2,3,7,8-TETRACHLORODIBENZO-P-DIOXIN (SEE ALSO TRANSGENIC MODEL EVALUATION (2,3,7,8-TETRACHLORODIBENZODIOXIN));2,3,7,8-Tetra polychlorinated dibenzo-p-dioxin;2,3,7,8-Tetrachloro(b,e)dibenzodioxin;2,3,7,8-Tetrachloro(b,f)dibenzodioxin;2,3,7,8-Tetrachloro-dibenzo[b,e][1,4]dioxin;2,3,7,8-Tetrachlorodibenzo(b,e)(1,4)dioxin;2,3,7,8-Tetrachlorodibenzo-1,4-dioxin;2,3,7,8-Tetrachlorodibenzo-p-dioxin [Dioxin and dioxin-like compounds];2,3,7,8-Tetrachlorodibenzo[b,e][1,4]dioxin;2,3,7,8-Tetrachlorodibenzodioxin;2,3,7,8-Tetrachlorooxanthrene;AC1L26AF;Dibenzo(b,e)(1,4)dioxin, 2,3,7,8-tetrachloro-;Dibenzo-p-dioxin, 2,3,7,8-tetrachloro-;Dioksyny;Dioxin;Dioxin (herbicide contaminant);Dioxin mixture;Dioxine;NCI-C03714;PCDD 48;TCDB D;TCDBD;TCDD;TEF TRANSGENICS (TCDD);TOXIC EQUIVALENCY FACTOR EVALUATION (TCDD) (SEE ALSO TCDD &amp; TRANSGENIC MODEL EVALUATION);TRANSGENIC MODEL EVALUATION (2,3,7,8-TETRACHLORODIBENZODIOXIN);Tetrachlorodibenzo-1,4-dioxin;Tetrachlorodibenzo-p-dioxin;Tetrachlorodibenzodioxin;Tetradioxin;[3H]-TCDD;dibenzo-dioxin, 2,3,7,8-tetrachlorinated</common:synonyms>
            <common:synonyms xml:lang="pl">2,3,7,8-Czterochlorodwubenzo-p-dwuoksyny;Dioksyny</common:synonyms>
            <classificationInformation>
                <common:elementaryFlowCategorization>
                    <common:category level="0">Emissions</common:category>
                    <common:category level="1">Emissions to water</common:category>
                    <common:category level="2">Emissions to fresh water</common:category>
                </common:elementaryFlowCategorization>
            </classificationInformation>
            <CASNumber>001746-01-6</CASNumber>
            <common:generalComment xml:lang="en">Reference elementary flow of the International Reference Life Cycle Data System (ILCD).</common:generalComment>
        </dataSetInformation>
        <quantitativeReference>
            <referenceToReferenceFlowProperty>0</referenceToReferenceFlowProperty>
        </quantitativeReference>
    </flowInformation>
    <modellingAndValidation>
        <LCIMethod>
            <typeOfDataSet>Elementary flow</typeOfDataSet>
        </LCIMethod>
        <complianceDeclarations>
            <compliance>
                <common:referenceToComplianceSystem type="source data set" refObjectId="9ba3ac1e-6797-4cc0-afd5-1b8f7bf28c6a" uri="../sources/9ba3ac1e-6797-4cc0-afd5-1b8f7bf28c6a.xml">
                    <common:shortDescription xml:lang="en">ILCD Data Network - compliance (non-Process)</common:shortDescription>
                </common:referenceToComplianceSystem>
                <common:approvalOfOverallCompliance>Fully compliant</common:approvalOfOverallCompliance>
            </compliance>
        </complianceDeclarations>
    </modellingAndValidation>
    <administrativeInformation>
        <dataEntryBy>
            <common:timeStamp>2012-01-12T15:51:13.576+01:00</common:timeStamp>
            <common:referenceToDataSetFormat type="source data set" refObjectId="a97a0155-0234-4b87-b4ce-a45da52f2a40" uri="../sources/a97a0155-0234-4b87-b4ce-a45da52f2a40.xml">
                <common:shortDescription xml:lang="en">ILCD format</common:shortDescription>
            </common:referenceToDataSetFormat>
        </dataEntryBy>
        <publicationAndOwnership>
            <common:dataSetVersion>03.00.000</common:dataSetVersion>
            <common:permanentDataSetURI>http://lca.jrc.ec.europa.eu/lcainfohub/datasets/ilcd/flows/08a91e70-3ddc-11dd-92f5-0050c2490048.xml</common:permanentDataSetURI>
        </publicationAndOwnership>
    </administrativeInformation>
    <flowProperties>
        <flowProperty dataSetInternalID="0">
            <referenceToFlowPropertyDataSet type="flow property data set" refObjectId="93a60a56-a3c8-11da-a746-0800200b9a66" uri="../flowproperties/93a60a56-a3c8-11da-a746-0800200b9a66.xml">
                <common:shortDescription xml:lang="en">Mass</common:shortDescription>
            </referenceToFlowPropertyDataSet>
            <meanValue>1.0</meanValue>
        </flowProperty>
    </flowProperties>
</flowDataSet>
