<?xml version="1.0" encoding="UTF-8" standalone="yes"?><?xml-stylesheet type='text/xsl' href='../../stylesheets/flow2html.xsl'?>
<flowDataSet xmlns:common="http://lca.jrc.it/ILCD/Common" xmlns="http://lca.jrc.it/ILCD/Flow" xmlns:xsi="http://www.w3.org/2001/XMLSchema-instance" version="1.1" xsi:schemaLocation="http://lca.jrc.it/ILCD/Flow ../../schemas/ILCD_FlowDataSet.xsd">
    <flowInformation>
        <dataSetInformation>
            <common:UUID>08a91e70-3ddc-11dd-97fd-0050c2490048</common:UUID>
            <name>
                <baseName xml:lang="en">hydrogen chloride</baseName>
            </name>
            <common:synonyms xml:lang="en">(36cl)hydrogen chloride;(39cl)hydrogen chloride;(3h)hydrogen chloride;17Cl;4-D Bowl Sanitizer;AC1L18YM;AC1Q38HZ;Acid, Hydrochloric;Acid, Muriatic;Acide chlorhydrique;Acido clorhidrico;Acido cloridrico;Anhydrous hydrochloric acid;Aqueous hydrogen chloride;Bowl Cleaner;CHLORO GROUP;Chloorwaterstof;Chloride, Hydrogen;Chlorohydric acid;Chlorowodor;Chlorure d'hydrogene anhydre;Chloruro de hidrogeno;Chlorwasserstoff;Cloruro de hidrogeno anhidro;DEUTERIUM CHLORIDE- D;DEUTERO HYDROCHLORIC ACID;Emulsion Bowl Cleaner;Flask adapter out of Tefzel(R)/PP;H1060;H1061;H1062;H1202;H1203;HCl;HYDROCHLORIC ACID, ACS;Hydrochloric acid (acid aerosols including mists, vapors, gas, fog, and other airborne forms of any particle size);Hydrochloric acid in 2-Propanol;Hydrochloric acid in ethanol;Hydrochloric acid in methanol;Hydrochloride_;Hydrogen Chloride - Butanol Reagent;Hydrogen Chloride - Methanol Reagent;Hydrogen chloride (HCl);Hydrogen chloride (gas only);Hydrogenchlorid;Hygeia Creme Magic Bowl Cleaner;IN1994;KST-1A0315;KST-1A1342;KST-1A2386;Muriatic acid;Now South Safti-Sol Brand Concentrated Bowl Cleanse with Magic Actio;Percleen Bowl and Urinal Cleaner;Spirits of salt;Varley Poly-Pak Bowl Creme;Varley's Ocean Blue Scented Toilet Bowl Cleaner;Wasserstoffchlorid;White Emulsion Bowl Cleaner;Wuest Bowl Cleaner Super Concentrated;X0038;X0039;X0041;[HCl];chlorane;chloridohydrogen;chlorum;chlorure d'hydrogene;cloruro de hidrogeno;hydrochloric acid</common:synonyms>
            <common:synonyms xml:lang="de">Chlorwasserstoff</common:synonyms>
            <common:synonyms xml:lang="fr">Acide chlorhydrique;Chlorure d'hydrogene;Chlorure d'hydrogene anhydre</common:synonyms>
            <common:synonyms xml:lang="it">Acido cloridrico</common:synonyms>
            <common:synonyms xml:lang="nl">Chloorwaterstof</common:synonyms>
            <common:synonyms xml:lang="pl">Chlorowodor</common:synonyms>
            <common:synonyms xml:lang="es">Cloruro de hidrogeno anhidro</common:synonyms>
            <classificationInformation>
                <common:elementaryFlowCategorization>
                    <common:category level="0">Emissions</common:category>
                    <common:category level="1">Emissions to water</common:category>
                    <common:category level="2">Emissions to fresh water</common:category>
                </common:elementaryFlowCategorization>
            </classificationInformation>
            <CASNumber>007647-01-0</CASNumber>
            <common:generalComment xml:lang="en">Reference elementary flow of the International Reference Life Cycle Data System (ILCD).</common:generalComment>
        </dataSetInformation>
        <quantitativeReference>
            <referenceToReferenceFlowProperty>0</referenceToReferenceFlowProperty>
        </quantitativeReference>
    </flowInformation>
    <modellingAndValidation>
        <LCIMethod>
            <typeOfDataSet>Elementary flow</typeOfDataSet>
        </LCIMethod>
        <complianceDeclarations>
            <compliance>
                <common:referenceToComplianceSystem type="source data set" refObjectId="9ba3ac1e-6797-4cc0-afd5-1b8f7bf28c6a" uri="../sources/9ba3ac1e-6797-4cc0-afd5-1b8f7bf28c6a.xml">
                    <common:shortDescription xml:lang="en">ILCD Data Network - compliance (non-Process)</common:shortDescription>
                </common:referenceToComplianceSystem>
                <common:approvalOfOverallCompliance>Fully compliant</common:approvalOfOverallCompliance>
            </compliance>
        </complianceDeclarations>
    </modellingAndValidation>
    <administrativeInformation>
        <dataEntryBy>
            <common:timeStamp>2012-01-12T15:51:35.608+01:00</common:timeStamp>
            <common:referenceToDataSetFormat type="source data set" refObjectId="a97a0155-0234-4b87-b4ce-a45da52f2a40" uri="../sources/a97a0155-0234-4b87-b4ce-a45da52f2a40.xml">
                <common:shortDescription xml:lang="en">ILCD format</common:shortDescription>
            </common:referenceToDataSetFormat>
        </dataEntryBy>
        <publicationAndOwnership>
            <common:dataSetVersion>03.00.000</common:dataSetVersion>
            <common:permanentDataSetURI>http://lca.jrc.ec.europa.eu/lcainfohub/datasets/ilcd/flows/08a91e70-3ddc-11dd-97fd-0050c2490048.xml</common:permanentDataSetURI>
        </publicationAndOwnership>
    </administrativeInformation>
    <flowProperties>
        <flowProperty dataSetInternalID="0">
            <referenceToFlowPropertyDataSet type="flow property data set" refObjectId="93a60a56-a3c8-11da-a746-0800200b9a66" uri="../flowproperties/93a60a56-a3c8-11da-a746-0800200b9a66.xml">
                <common:shortDescription xml:lang="en">Mass</common:shortDescription>
            </referenceToFlowPropertyDataSet>
            <meanValue>1.0</meanValue>
        </flowProperty>
    </flowProperties>
</flowDataSet>
