<?xml version="1.0" encoding="UTF-8" standalone="yes"?><?xml-stylesheet type='text/xsl' href='../../stylesheets/flow2html.xsl'?>
<flowDataSet xmlns:common="http://lca.jrc.it/ILCD/Common" xmlns="http://lca.jrc.it/ILCD/Flow" xmlns:xsi="http://www.w3.org/2001/XMLSchema-instance" version="1.1" xsi:schemaLocation="http://lca.jrc.it/ILCD/Flow ../../schemas/ILCD_FlowDataSet.xsd">
    <flowInformation>
        <dataSetInformation>
            <common:UUID>08a91e70-3ddc-11dd-94a4-0050c2490048</common:UUID>
            <name>
                <baseName xml:lang="en">hydrogen peroxide</baseName>
            </name>
            <common:synonyms xml:lang="en">AC1L1A0N;Adeka Super EL;Albone;Albone 35;Albone 35CG;Albone 50;Albone 50CG;Albone 70;Albone 70CG;Albone DS;Anti-Keim 50;Asepticper;Baquashock;CIX;Catalase Test;Crestal Whitestrips;Crystacide;Dentasept;Dihydrogen dioxide;Elawox;H2O2;HOOH;HYDROGEN PEROXIDE, ACS;HYDROGEN-PEROXIDE;Hioxy;Hioxyl;Hipox;Hybrite;Hydrogen Peroxide Concentrate;Hydrogen dioxide;Hydrogen peroxide (8CI);Hydrogen peroxide (H2O2);Hydrogen peroxide (H2O2) (9CI);Inhibine;Interox;Kastone;Lensan A;Lensept;Metrokur;Mirasept;MolMap_000025;O-O;Odosat D;Oxigenal;Oxyfull;Oxyfull (TN);Oxysept;Oxysept I;PEO;Pegasyl;Perone;Perone 30;Perone 30 Perone 35;Perone 35;Perone 50;Perossido di idrogeno;Peroxaan;Peroxan;Peroxclean;Peroxide;Peroxide Ion;Peroxide, Hydrogen;Peroxyde d'hydrogene;Puresept;QTL1_000041;Select Bleach;Superoxol;T-Stuff;UNL-UNL;Wasserstoffperoxid;Waterstofperoxyde;Xtra White;[OH(OH)];bis(hydridooxygen)(O--O);dihydrogen peroxide;dihydrogen(peroxide);dioxidane;hydroperoxide;hydroperoxides;organic hydroperoxides;oxydol;perhydrol;peroxols</common:synonyms>
            <common:synonyms xml:lang="de">Wasserstoffperoxid</common:synonyms>
            <common:synonyms xml:lang="fr">Peroxyde d'hydrogene</common:synonyms>
            <common:synonyms xml:lang="it">Perossido di idrogeno</common:synonyms>
            <common:synonyms xml:lang="nl">Waterstofperoxyde</common:synonyms>
            <classificationInformation>
                <common:elementaryFlowCategorization>
                    <common:category level="0">Emissions</common:category>
                    <common:category level="1">Emissions to water</common:category>
                    <common:category level="2">Emissions to fresh water</common:category>
                </common:elementaryFlowCategorization>
            </classificationInformation>
            <CASNumber>007722-84-1</CASNumber>
            <common:generalComment xml:lang="en">Reference elementary flow of the International Reference Life Cycle Data System (ILCD).</common:generalComment>
        </dataSetInformation>
        <quantitativeReference>
            <referenceToReferenceFlowProperty>0</referenceToReferenceFlowProperty>
        </quantitativeReference>
    </flowInformation>
    <modellingAndValidation>
        <LCIMethod>
            <typeOfDataSet>Elementary flow</typeOfDataSet>
        </LCIMethod>
        <complianceDeclarations>
            <compliance>
                <common:referenceToComplianceSystem type="source data set" refObjectId="9ba3ac1e-6797-4cc0-afd5-1b8f7bf28c6a" uri="../sources/9ba3ac1e-6797-4cc0-afd5-1b8f7bf28c6a.xml">
                    <common:shortDescription xml:lang="en">ILCD Data Network - compliance (non-Process)</common:shortDescription>
                </common:referenceToComplianceSystem>
                <common:approvalOfOverallCompliance>Fully compliant</common:approvalOfOverallCompliance>
            </compliance>
        </complianceDeclarations>
    </modellingAndValidation>
    <administrativeInformation>
        <dataEntryBy>
            <common:timeStamp>2012-01-12T15:51:35.679+01:00</common:timeStamp>
            <common:referenceToDataSetFormat type="source data set" refObjectId="a97a0155-0234-4b87-b4ce-a45da52f2a40" uri="../sources/a97a0155-0234-4b87-b4ce-a45da52f2a40.xml">
                <common:shortDescription xml:lang="en">ILCD format</common:shortDescription>
            </common:referenceToDataSetFormat>
        </dataEntryBy>
        <publicationAndOwnership>
            <common:dataSetVersion>03.00.000</common:dataSetVersion>
            <common:permanentDataSetURI>http://lca.jrc.ec.europa.eu/lcainfohub/datasets/ilcd/flows/08a91e70-3ddc-11dd-94a4-0050c2490048.xml</common:permanentDataSetURI>
        </publicationAndOwnership>
    </administrativeInformation>
    <flowProperties>
        <flowProperty dataSetInternalID="0">
            <referenceToFlowPropertyDataSet type="flow property data set" refObjectId="93a60a56-a3c8-11da-a746-0800200b9a66" uri="../flowproperties/93a60a56-a3c8-11da-a746-0800200b9a66.xml">
                <common:shortDescription xml:lang="en">Mass</common:shortDescription>
            </referenceToFlowPropertyDataSet>
            <meanValue>1.0</meanValue>
        </flowProperty>
    </flowProperties>
</flowDataSet>
