<?xml version="1.0" encoding="UTF-8" standalone="yes"?><?xml-stylesheet type='text/xsl' href='../../stylesheets/flow2html.xsl'?>
<flowDataSet xmlns:common="http://lca.jrc.it/ILCD/Common" xmlns="http://lca.jrc.it/ILCD/Flow" xmlns:xsi="http://www.w3.org/2001/XMLSchema-instance" version="1.1" xsi:schemaLocation="http://lca.jrc.it/ILCD/Flow ../../schemas/ILCD_FlowDataSet.xsd">
    <flowInformation>
        <dataSetInformation>
            <common:UUID>172b0119-6556-11dd-ad8b-0800200c9a66</common:UUID>
            <name>
                <baseName xml:lang="en">sodium sulfate</baseName>
            </name>
            <common:synonyms xml:lang="en">(C14-C18) Alkyl alcohol sulfuric acid sodium salt;(C14-C18) Alkyl alcohol sulfuric acid, sodium salt;(C14-C18) Alkylalcohol sulfuric acid, sodium salt;(S)-(+)-2,2'-Bis(diphenylphosphino)-1,1'-binaphthyl;300186X;300186XA;AC1L2NFP;AC1LANKY;AC1Q1USL;AC1Q1USM;AC1Q22KY;Bisodium sulfate;Dibasic sodium sulfate;Disodium monosulfate;Disodium sulfate;Disodium sulphate;Mixed (C8-C30) alcohols, sulfated, sodium salt;Na sulphate;Na2SO4;Natriumsufat;Natriumsulfat;Natriumsulfat (German);SODIUM SULFATE ANHYDROUS (GRANULAR);SODIUM SULFATE, ACS;Salt cake;Sodium sulfate (2:1);Sodium sulfate (Na2SO4);Sodium sulfate anhydous;Sodium sulfate anhydrous;Sodium sulfate, dried;Sodium sulfate, dried (JAN);Sodium sulfate, dried (TN);Sodium sulphate;Sodium tallow alcohol sulfate;Sulfate, sodium;Sulfuric acid disodium salt;Sulfuric acid sodium salt;Sulfuric acid sodium salt (1:2);Sulfuric acid, mono-C14-18-alkyl esters, sodium salts;Sulfuric acid, mono-C8-30-alkyl esters, sodium salts;Sulfuric acid, monotallow alkyl esters, sodium salts;Thenardite;Trona;disodium(35s)sulfate</common:synonyms>
            <classificationInformation>
                <common:elementaryFlowCategorization>
                    <common:category level="0">Resources</common:category>
                    <common:category level="1">Resources from ground</common:category>
                    <common:category level="2">Non-renewable material resources from ground</common:category>
                </common:elementaryFlowCategorization>
            </classificationInformation>
            <CASNumber>007757-82-6</CASNumber>
            <common:generalComment xml:lang="en">Reference elementary flow of the International Reference Life Cycle Data System (ILCD).</common:generalComment>
        </dataSetInformation>
        <quantitativeReference>
            <referenceToReferenceFlowProperty>0</referenceToReferenceFlowProperty>
        </quantitativeReference>
    </flowInformation>
    <modellingAndValidation>
        <LCIMethod>
            <typeOfDataSet>Elementary flow</typeOfDataSet>
        </LCIMethod>
        <complianceDeclarations>
            <compliance>
                <common:referenceToComplianceSystem type="source data set" refObjectId="9ba3ac1e-6797-4cc0-afd5-1b8f7bf28c6a" uri="../sources/9ba3ac1e-6797-4cc0-afd5-1b8f7bf28c6a.xml">
                    <common:shortDescription xml:lang="en">ILCD Data Network - compliance (non-Process)</common:shortDescription>
                </common:referenceToComplianceSystem>
                <common:approvalOfOverallCompliance>Fully compliant</common:approvalOfOverallCompliance>
            </compliance>
        </complianceDeclarations>
    </modellingAndValidation>
    <administrativeInformation>
        <dataEntryBy>
            <common:timeStamp>2012-01-12T15:51:45.922+01:00</common:timeStamp>
            <common:referenceToDataSetFormat type="source data set" refObjectId="a97a0155-0234-4b87-b4ce-a45da52f2a40" uri="../sources/a97a0155-0234-4b87-b4ce-a45da52f2a40.xml">
                <common:shortDescription xml:lang="en">ILCD format</common:shortDescription>
            </common:referenceToDataSetFormat>
        </dataEntryBy>
        <publicationAndOwnership>
            <common:dataSetVersion>03.00.000</common:dataSetVersion>
            <common:permanentDataSetURI>http://lca.jrc.ec.europa.eu/lcainfohub/datasets/ilcd/flows/172b0119-6556-11dd-ad8b-0800200c9a66.xml</common:permanentDataSetURI>
        </publicationAndOwnership>
    </administrativeInformation>
    <flowProperties>
        <flowProperty dataSetInternalID="0">
            <referenceToFlowPropertyDataSet type="flow property data set" refObjectId="93a60a56-a3c8-11da-a746-0800200b9a66" uri="../flowproperties/93a60a56-a3c8-11da-a746-0800200b9a66.xml">
                <common:shortDescription xml:lang="en">Mass</common:shortDescription>
            </referenceToFlowPropertyDataSet>
            <meanValue>1.0</meanValue>
        </flowProperty>
    </flowProperties>
</flowDataSet>
