<?xml version="1.0" encoding="UTF-8" standalone="yes"?><?xml-stylesheet type='text/xsl' href='../../stylesheets/flow2html.xsl'?>
<flowDataSet xmlns:common="http://lca.jrc.it/ILCD/Common" xmlns="http://lca.jrc.it/ILCD/Flow" xmlns:xsi="http://www.w3.org/2001/XMLSchema-instance" version="1.1" xsi:schemaLocation="http://lca.jrc.it/ILCD/Flow ../../schemas/ILCD_FlowDataSet.xsd">
    <flowInformation>
        <dataSetInformation>
            <common:UUID>2905c658-6556-11dd-ad8b-0800200c9a66</common:UUID>
            <name>
                <baseName xml:lang="en">sulfur</baseName>
            </name>
            <common:synonyms xml:lang="en">1-Methyl-2-(2-[2-thienyl]ethenyl)-1,4,5,6-tetrahydropyrimidine compound with 4,4'-methylenebis(3-hydroxy-2-naphthoic acid);16S;AB1002328;AC1L195M;AC1NSFZP;AC1Q7DQL;AN-Sulfur Colloid Kit;Acide sulfhydrique;Acide sulphhydrique;Agri-Sul;Aquilite;Asulfa-Supra;Atomic sulfur;Bensulfoid;Bensulfoid (TN);Brimstone;Colloidal sulfur;Colloidal-S;Collokit;Colsul;Corosul D and S;Cosan;Cosan 80;Crystex;Devisulphur;Dihydrogen monosulfide;Dihydrogen sulfide;Elosal;Flour sulfur;Flour sulphur;Flowers of sulfur;Flowers of sulphur;Gofrativ;Ground vocle sulfur;Ground vocle sulphur;H2S;Hepatic acid;Hexasul;Hydrogen Sulfide (H2(Sx));Hydrogen Sulfide (H2S3);Hydrogen monosulfide;Hydrogen sulfide (H2S);Hydrogen sulfide H2S;Hydrogen sulfure;Hydrogen sulfuric acid;Hydrogen sulphide;Hydrogen-sulfide;Hydrogene sulfure;Hydrogene sulphure;Hydrosulfuric acid;Idrogeno solforato;Kolloidschwefel 95;Kolo 100;Kolofog;Kolospray;Kristex;Kumulus;Kumulus FL;LTBB002945;Liquamat;Magnetic 6;Magnetic 70, 90, and 95;Merkaptan;Micowetsulf;Microflotox;Microthiol;NA1350;NA2448;Netzschwefel;Polsulkol Extra;Precipitated sulfur;RC-Schwefel Extra;Sastid;Sastid (TN);Schwefel;Schwefel, feinverteilter;Schwefelwasserstoff;Sewer gas;Shreesul;Siarkowodor;Sofril;Soufre [ISO-French];Sperlox-S;Spersul;Spersul thiovit;Stink DAMP;Sublimed sulfur;Sublimed sulphur;Suffa;Sufran;Sufran D;Sulfex;Sulfidal;Sulfide, Hydrogen;Sulforon;Sulfospor;Sulfur (molten);Sulfur Soap;Sulfur [NA1350]  [Class 9];Sulfur [NA1350] [Class 9];Sulfur atom;Sulfur hydride;Sulfur hydroxide;Sulfur ointment;Sulfur vapor;Sulfur, colloidal, metastable technetium-99 labeled;Sulfur, molten [NA2448]  [Class 9];Sulfur, molten [NA2448] [Class 9];Sulfur, monoclinic;Sulfur, pharmaceutical;Sulfur, precipitated;Sulfur, precipitated [USP];Sulfur, rhombic;Sulfur, solid;Sulfur, sublimed;Sulfur, sublimed [USP];Sulfur-32S;Sulfureted hydrogen;Sulikol;Sulkol;Sulphur;Sulphur, precipitated, sublimed or colloidal;Sulsol;Sultaf;Super Six;Super cosan;Svovl;TechneColl;Tesuloid;Thiolux;Thion;Thiovit;Thiovit S;Thiozol;Transact;Ultra Sulfur;Wettasul;Zolvis;Zwavelwaterstof;[SH2];a thiol;azufre;component of Bensulfoid;dihydridosulfur;dihydrogen(sulfide);hydrogen sulfide;mercaptans;soufre;sulfane;sulfure d'hydrogene;theion;thiols</common:synonyms>
            <common:synonyms xml:lang="de">Schwefelwasserstoff</common:synonyms>
            <common:synonyms xml:lang="fr">Acide sulfhydrique;Hydrogen sulfure;Hydrogene sulfure</common:synonyms>
            <common:synonyms xml:lang="it">Idrogeno solforato</common:synonyms>
            <common:synonyms xml:lang="nl">Zwavelwaterstof</common:synonyms>
            <common:synonyms xml:lang="pl">Siarkowodor</common:synonyms>
            <classificationInformation>
                <common:elementaryFlowCategorization>
                    <common:category level="0">Emissions</common:category>
                    <common:category level="1">Emissions to air</common:category>
                    <common:category level="2">Emissions to air, unspecified</common:category>
                </common:elementaryFlowCategorization>
            </classificationInformation>
            <CASNumber>007704-34-9</CASNumber>
            <common:generalComment xml:lang="en">Reference elementary flow of the International Reference Life Cycle Data System (ILCD).</common:generalComment>
        </dataSetInformation>
        <quantitativeReference>
            <referenceToReferenceFlowProperty>0</referenceToReferenceFlowProperty>
        </quantitativeReference>
    </flowInformation>
    <modellingAndValidation>
        <LCIMethod>
            <typeOfDataSet>Elementary flow</typeOfDataSet>
        </LCIMethod>
        <complianceDeclarations>
            <compliance>
                <common:referenceToComplianceSystem type="source data set" refObjectId="9ba3ac1e-6797-4cc0-afd5-1b8f7bf28c6a" uri="../sources/9ba3ac1e-6797-4cc0-afd5-1b8f7bf28c6a.xml">
                    <common:shortDescription xml:lang="en">ILCD Data Network - compliance (non-Process)</common:shortDescription>
                </common:referenceToComplianceSystem>
                <common:approvalOfOverallCompliance>Fully compliant</common:approvalOfOverallCompliance>
            </compliance>
        </complianceDeclarations>
    </modellingAndValidation>
    <administrativeInformation>
        <dataEntryBy>
            <common:timeStamp>2012-01-12T15:51:46.261+01:00</common:timeStamp>
            <common:referenceToDataSetFormat type="source data set" refObjectId="a97a0155-0234-4b87-b4ce-a45da52f2a40" uri="../sources/a97a0155-0234-4b87-b4ce-a45da52f2a40.xml">
                <common:shortDescription xml:lang="en">ILCD format</common:shortDescription>
            </common:referenceToDataSetFormat>
        </dataEntryBy>
        <publicationAndOwnership>
            <common:dataSetVersion>03.00.000</common:dataSetVersion>
            <common:permanentDataSetURI>http://lca.jrc.ec.europa.eu/lcainfohub/datasets/ilcd/flows/2905c658-6556-11dd-ad8b-0800200c9a66.xml</common:permanentDataSetURI>
        </publicationAndOwnership>
    </administrativeInformation>
    <flowProperties>
        <flowProperty dataSetInternalID="0">
            <referenceToFlowPropertyDataSet type="flow property data set" refObjectId="93a60a56-a3c8-11da-a746-0800200b9a66" uri="../flowproperties/93a60a56-a3c8-11da-a746-0800200b9a66.xml">
                <common:shortDescription xml:lang="en">Mass</common:shortDescription>
            </referenceToFlowPropertyDataSet>
            <meanValue>1.0</meanValue>
        </flowProperty>
    </flowProperties>
</flowDataSet>
