<?xml version="1.0" encoding="UTF-8" standalone="yes"?><?xml-stylesheet type='text/xsl' href='../../stylesheets/flow2html.xsl'?>
<flowDataSet xmlns:common="http://lca.jrc.it/ILCD/Common" xmlns="http://lca.jrc.it/ILCD/Flow" xmlns:xsi="http://www.w3.org/2001/XMLSchema-instance" version="1.1" xsi:schemaLocation="http://lca.jrc.it/ILCD/Flow ../../schemas/ILCD_FlowDataSet.xsd">
    <flowInformation>
        <dataSetInformation>
            <common:UUID>4d9a8790-3ddd-11dd-9782-0050c2490048</common:UUID>
            <name>
                <baseName xml:lang="en">trifluralin</baseName>
            </name>
            <common:synonyms xml:lang="en">2,6-Dinitro-4-trifluormethyl-N,N-dipropylanilin;2,6-Dinitro-6-trifluormethyl-N,N-dipropylanilin;2,6-Dinitro-N,N-di-n-propyl-alpha,alpha,alpha-trifluoro-p-toluidine;2,6-Dinitro-N,N-dipropyl-4-(trifluoromethyl)-benzamine;2,6-Dinitro-N,N-dipropyl-4-(trifluoromethyl)aniline;2,6-Dinitro-N,N-dipropyl-4-trifluoromethylaniline;2,6-dinitro-N,N-dipropyl-4-trifluoromethyl-aniline;2,6-dinitro-N,N-dipropyl-alpha,alph a,alpha-trifluoro-p-toluidine;2,6-dinitro-N,N-dipropyl-alpha,alpha,alpha-trifluoro-p-toluidine;4-(Di-n-propylamino)-3,5-dinitro-1-trifluoromethylbenzene;4-(Trifluoromethyl)-2,6-dinitro-N,N-dipropylaniline;AC1L1KN2;AC1Q2XPP;Agreflan;Agriflan 24;Benezeneamine, 2,6-di nitro-N,N-dipropyl-4-(trifluoromethyl)-;Benezeneamine, 2,6-dinitro-N,N-dipropyl-4-(trifluoromethyl)-;Benzenamine, 2,6-dinitro-N,N-dipropyl-4-(trifluoromethyl)-;Benzenamine, 2,6-dinitro-N,N-dipropyl-4-(trifluoromethyl)- (9CI);Bio-0378;Commence;Crisalin;Crisalina;Digermin;Elancolan;Ipersan;L-36352;Lilly 36,352;N,N-Di-n-propyl-2,6-dinitro-4-trifluoromethylaniline;N,N-Dipropyl-2,6-dinitro-4-trifluormethylanilin;N,N-Dipropyl-2,6-dinitro-4-trifluoromethylaniline;N,N-Dipropyl-4-trifluoromethyl-2,6-dinitroaniline;N,N-dipropyl-2,6-dini tro-4-trifluoromethylaniline;NCI-C00442;Nitran;Nitran K;Olitref;SMR000778097;Scotts Stop Weeds Before They Start;SpecPlus_000440;Su seguro carpidor;Super-Treflan;Synfloran;Trefanocide;Treficon;Trefl an 10G;Treflam;Treflan;Treflan (trifluralin);Treflan 10G;Treflan 4EC;Treflan 5G;Treflan EC;Treflan MTF;Treflan TR-10;Treflanocide elancolan;Tri-4;Trifluralin [ANSI:BSI:ISO];Trifluralin, technical grade;Trifluralin-(ring-UL-14C);Trifluralin2,6-dinitro-N,N-dipropyl-4-(trifluoromethyl)aniline;Trifluralina 600;Trifluraline;Trifluraline [ISO-French];Triflurex;Trifurex;Trikepin;Trilin 4EC;Tristar;alpha,alpha,alpha-Trifluoro-2,6-dinitro-N,N-dipropyl-p-toluidine;alpha,alpha,alpha-Trifluoro-2,6-dinitro-N,N-dipropyl-p-toluidine-ring-UL-14C;elanocolan;p-Toluidine, alpha,alpha,alpha-trifluoro-2,6-dinitro-N,N-dipropyl-</common:synonyms>
            <common:synonyms xml:lang="de">2,6-Dinitro-4-trifluormethyl-N,N-dipropylanilin;2,6-Dinitro-6-trifluormethyl-N,N-dipropylanilin;N,N-Dipropyl-2,6-dinitro-4-trifluormethylanilin</common:synonyms>
            <classificationInformation>
                <common:elementaryFlowCategorization>
                    <common:category level="0">Emissions</common:category>
                    <common:category level="1">Emissions to air</common:category>
                    <common:category level="2">Emissions to air, unspecified</common:category>
                </common:elementaryFlowCategorization>
            </classificationInformation>
            <CASNumber>001582-09-8</CASNumber>
            <common:generalComment xml:lang="en">Reference elementary flow of the International Reference Life Cycle Data System (ILCD).</common:generalComment>
        </dataSetInformation>
        <quantitativeReference>
            <referenceToReferenceFlowProperty>0</referenceToReferenceFlowProperty>
        </quantitativeReference>
    </flowInformation>
    <modellingAndValidation>
        <LCIMethod>
            <typeOfDataSet>Elementary flow</typeOfDataSet>
        </LCIMethod>
        <complianceDeclarations>
            <compliance>
                <common:referenceToComplianceSystem type="source data set" refObjectId="9ba3ac1e-6797-4cc0-afd5-1b8f7bf28c6a" uri="../sources/9ba3ac1e-6797-4cc0-afd5-1b8f7bf28c6a.xml">
                    <common:shortDescription xml:lang="en">ILCD Data Network - compliance (non-Process)</common:shortDescription>
                </common:referenceToComplianceSystem>
                <common:approvalOfOverallCompliance>Fully compliant</common:approvalOfOverallCompliance>
            </compliance>
        </complianceDeclarations>
    </modellingAndValidation>
    <administrativeInformation>
        <dataEntryBy>
            <common:timeStamp>2012-01-12T15:51:48.451+01:00</common:timeStamp>
            <common:referenceToDataSetFormat type="source data set" refObjectId="a97a0155-0234-4b87-b4ce-a45da52f2a40" uri="../sources/a97a0155-0234-4b87-b4ce-a45da52f2a40.xml">
                <common:shortDescription xml:lang="en">ILCD format</common:shortDescription>
            </common:referenceToDataSetFormat>
        </dataEntryBy>
        <publicationAndOwnership>
            <common:dataSetVersion>03.00.000</common:dataSetVersion>
            <common:permanentDataSetURI>http://lca.jrc.ec.europa.eu/lcainfohub/datasets/ilcd/flows/4d9a8790-3ddd-11dd-9782-0050c2490048.xml</common:permanentDataSetURI>
        </publicationAndOwnership>
    </administrativeInformation>
    <flowProperties>
        <flowProperty dataSetInternalID="0">
            <referenceToFlowPropertyDataSet type="flow property data set" refObjectId="93a60a56-a3c8-11da-a746-0800200b9a66" uri="../flowproperties/93a60a56-a3c8-11da-a746-0800200b9a66.xml">
                <common:shortDescription xml:lang="en">Mass</common:shortDescription>
            </referenceToFlowPropertyDataSet>
            <meanValue>1.0</meanValue>
        </flowProperty>
    </flowProperties>
</flowDataSet>
