<?xml version="1.0" encoding="UTF-8" standalone="yes"?><?xml-stylesheet type='text/xsl' href='../../stylesheets/flow2html.xsl'?>
<flowDataSet xmlns:common="http://lca.jrc.it/ILCD/Common" xmlns="http://lca.jrc.it/ILCD/Flow" xmlns:xsi="http://www.w3.org/2001/XMLSchema-instance" version="1.1" xsi:schemaLocation="http://lca.jrc.it/ILCD/Flow ../../schemas/ILCD_FlowDataSet.xsd">
    <flowInformation>
        <dataSetInformation>
            <common:UUID>4d9a8790-3ddd-11dd-9389-0050c2490048</common:UUID>
            <name>
                <baseName xml:lang="en">deltamethrin</baseName>
            </name>
            <common:synonyms xml:lang="en">(1R,3R)-3-(2,2-dibromovinyl)-2,2-dimethylcyclopropane carboxylic acid, (S)-alpha-cy ano-3-phenoxybenzyl ester;(1R-(1alpha(S*),3alpha))-3-(2,2-dibromoethenyl)-2,2-dimethyl-, cyano(3-phenoxyphenyl)methyl cyclopropanecarboxylate;(1R-(1alpha(S*),3alpha))-Cyano(3-phenoxyphenyl)methyl 3-(2,2-dibromoethenyl)-2,2-dimethylcyclopropanecarboxylate;(S)-alpha-Cyano-3-phenoxybenzyl (1R)-cis-3-(2,2-dibromovinyl)-2,2-dimethylcyclopropanecarboxylate;(S)-alpha-Cyano-3-phenoxybenzyl (1R,3R)-3-(2,2-dibromovinyl)-2,2-dimethyl-cyclopropan-1-carboxylate;(S)-alpha-Cyano-3-phenoxybenzyl (1R,3S)-3-(2,2-dibromovinyl)-2,2-dimethylcyclopropanecarboxylate;(S)-alpha-Cyano-3-phenoxybenzyl-(1R)-cis-3-(2,2-dibromovinyl)-2,2-dimethyl-cyclopropane carboxyate;(S)-cyano(3-phenoxyphenyl)methyl (1R,3R)-3-(2,2-dibromoethenyl)-2,2-dimethylcyclopropanecarboxylate;(S)-cyano[3-(phenyloxy)phenyl]methyl (1R,3R)-3-(2,2-dibromoethenyl)-2,2-dimethylcyclopropanecarboxylate;3-(2,2-Dibromoethenyl)-2,2-dimethylcyclopropanecarboxylic acid cyano(3-phenoxyphenyl)methyl ester;3-(2,2-Dibromoethenyl)-2,2-dimethylcyclopropanecarboxylic acid, cyano(3-phenoxy-phenyl)-, methyl ester;AC1L2427;Butoss;Butox;Cislin;Crackdown;Cyano-m-phenoxybenzyl (1R,3R)-3-(2,2-dibromovi nyl)-2,2-dimethylcyclopropanecarboxylate;Cyclopropanecarboxylic acid, 3-(2,2-dibromoethenyl)-2,2-dimethyl-, (S)-cyano(3-phenoxyphenyl)methyl ester, (1R,3R)-;Cyclopropanecarboxylic acid, 3-(2,2-dibromoethenyl)-2,2-dimethyl-, cyano(3-phenoxyphenyl)methyl ester, (1R-(1-alpha(S*),3-alpha))-;Cyclopropanecarboxylic acid, 3-(2,2-dibromoethenyl)-2,2-dimethyl-, cyano(3-phenoxyphenyl)methyl ester, (1R-(1alpha(s*),3alpha))-;Decamethrin;Decamethrine;Decis;Decis 0.5ULV;Decis 1.5ULV;Decis 2.5ULV;Dekametrin (Hungarian);DeltaGard;Deltacide;Deltagran;Deltamet hrin;Deltamethrin (BAN);Deltamethrin [BSI:ISO];Deltamethrine;Deltamethrine [ISO-French];Deltametryna;Esbecythrin;FMC 45498;Glossinex 200;IPO 8831;K-Obiol;K-Othrin;K-Othrine;New Musigie;Nrdc 161;OMS 1988;OWZREIFADZCYQD-NSHGMRRFSA-;Othrin;Phagase 1;RU 22974;RUP 987;Scalibor [veterinary];Scalibor [veterinary] (TN);Stricker;Striker;Suspend;Zodiac;Zorcis;[(S)-cyano-(3-phenoxyphenyl)methyl] (1R,3R)-3-(2,2-dibromoethenyl)-2,2-dimethylcyclopropane-1-carboxylate;[(S)-cyano-[3-(phenoxy)phenyl]methyl] (1R,3R)-3-(2,2-dibromoethenyl)-2,2-dimethy;alpha-Cyano-3-phenoxybenzyl (1R-(1alpha(S*),3alpha))-3-(2,2-dibromovinyl)-2,2-dimethylcyclopropanecarboxylate</common:synonyms>
            <common:synonyms xml:lang="pl">Deltametryna</common:synonyms>
            <classificationInformation>
                <common:elementaryFlowCategorization>
                    <common:category level="0">Emissions</common:category>
                    <common:category level="1">Emissions to air</common:category>
                    <common:category level="2">Emissions to air, unspecified</common:category>
                </common:elementaryFlowCategorization>
            </classificationInformation>
            <CASNumber>052918-63-5</CASNumber>
            <common:generalComment xml:lang="en">Reference elementary flow of the International Reference Life Cycle Data System (ILCD).</common:generalComment>
        </dataSetInformation>
        <quantitativeReference>
            <referenceToReferenceFlowProperty>0</referenceToReferenceFlowProperty>
        </quantitativeReference>
    </flowInformation>
    <modellingAndValidation>
        <LCIMethod>
            <typeOfDataSet>Elementary flow</typeOfDataSet>
        </LCIMethod>
        <complianceDeclarations>
            <compliance>
                <common:referenceToComplianceSystem type="source data set" refObjectId="9ba3ac1e-6797-4cc0-afd5-1b8f7bf28c6a" uri="../sources/9ba3ac1e-6797-4cc0-afd5-1b8f7bf28c6a.xml">
                    <common:shortDescription xml:lang="en">ILCD Data Network - compliance (non-Process)</common:shortDescription>
                </common:referenceToComplianceSystem>
                <common:approvalOfOverallCompliance>Fully compliant</common:approvalOfOverallCompliance>
            </compliance>
        </complianceDeclarations>
    </modellingAndValidation>
    <administrativeInformation>
        <dataEntryBy>
            <common:timeStamp>2012-01-12T15:51:27.777+01:00</common:timeStamp>
            <common:referenceToDataSetFormat type="source data set" refObjectId="a97a0155-0234-4b87-b4ce-a45da52f2a40" uri="../sources/a97a0155-0234-4b87-b4ce-a45da52f2a40.xml">
                <common:shortDescription xml:lang="en">ILCD format</common:shortDescription>
            </common:referenceToDataSetFormat>
        </dataEntryBy>
        <publicationAndOwnership>
            <common:dataSetVersion>03.00.000</common:dataSetVersion>
            <common:permanentDataSetURI>http://lca.jrc.ec.europa.eu/lcainfohub/datasets/ilcd/flows/4d9a8790-3ddd-11dd-9389-0050c2490048.xml</common:permanentDataSetURI>
        </publicationAndOwnership>
    </administrativeInformation>
    <flowProperties>
        <flowProperty dataSetInternalID="0">
            <referenceToFlowPropertyDataSet type="flow property data set" refObjectId="93a60a56-a3c8-11da-a746-0800200b9a66" uri="../flowproperties/93a60a56-a3c8-11da-a746-0800200b9a66.xml">
                <common:shortDescription xml:lang="en">Mass</common:shortDescription>
            </referenceToFlowPropertyDataSet>
            <meanValue>1.0</meanValue>
        </flowProperty>
    </flowProperties>
</flowDataSet>
