<?xml version="1.0" encoding="UTF-8" standalone="yes"?><?xml-stylesheet type='text/xsl' href='../../stylesheets/flow2html.xsl'?>
<flowDataSet xmlns:common="http://lca.jrc.it/ILCD/Common" xmlns="http://lca.jrc.it/ILCD/Flow" xmlns:xsi="http://www.w3.org/2001/XMLSchema-instance" version="1.1" xsi:schemaLocation="http://lca.jrc.it/ILCD/Flow ../../schemas/ILCD_FlowDataSet.xsd">
    <flowInformation>
        <dataSetInformation>
            <common:UUID>4d9a8790-3ddd-11dd-9448-0050c2490048</common:UUID>
            <name>
                <baseName xml:lang="en">zinc oxide</baseName>
            </name>
            <common:synonyms xml:lang="en">A&amp;D Medicated Ointment;AC1L24L6;AC1Q5B9K;Actox 14;Actox 16;Actox 216;Akro-zinc bar 85;Akro-zinc bar 90;Amalox;Azo 22;Azo-33;Azo-55;Azo-55TT;Azo-66;Azo-66TT;Azo-77;Azo-77TT;Azodox;Azodox-55;Azodox-55TT;Blanc de Zinc;C-Weiss 8;C.I. 77947;C.I. Pigment White 4;CI 77947;CI Pigment white 4;Cadox XX 78;Chinese White;Cynku tlenek;Dome Paste Bandage;EMAR;Electox 2500;Electrox 2500;Emanay zinc oxide;Felling zinc oxide;Flores de zinci;Flowers of zinc;GIAP 10;Green seal-8;Hubbuck's White;Hubbucks white;K-Zinc;Kadox 15;Kadox 72;Kadox-25;Lassar Paste;Lassar's Paste;Lassars Paste;Leaded zinc oxide;No-Genol;Nogenol;Outmine;Oxide, Zinc;Ozide;Ozlo;Paste, Lassar's;Permanent White;Philosopher's wool;Pigment white 4;Powder base 900;Protox 166;Protox 168;Protox 169;Protox type 166;Protox type 167;Protox type 168;Protox type 169;Protox type 267;Protox type 268;RVPaque;Red Seal 9;Snow white;Unichem ZO;Vandem VAC;Vandem VOC;Vandem VPC;White seal-7;XX 203;XX 601;XX 78;ZINC OXIDE, ACS;ZN-0401 E 3/16'';Zinc White;Zinc gelatin;Zinc monoxide;Zinc oxide (JP15/USP);Zinc oxide (TN);Zinc oxide (ZnO);Zinca 20;Zinci Oxicum;Zinci Oxydum;Zincite;Zincoid;Zincum Oxydatum;Zinkoxid;Zn 0701T;oxido de cinc;oxozinc;oxyde de zinc</common:synonyms>
            <common:synonyms xml:lang="de">C-Weiss 8</common:synonyms>
            <common:synonyms xml:lang="pl">Cynku tlenek</common:synonyms>
            <classificationInformation>
                <common:elementaryFlowCategorization>
                    <common:category level="0">Emissions</common:category>
                    <common:category level="1">Emissions to air</common:category>
                    <common:category level="2">Emissions to air, unspecified</common:category>
                </common:elementaryFlowCategorization>
            </classificationInformation>
            <CASNumber>001314-13-2</CASNumber>
            <common:generalComment xml:lang="en">Reference elementary flow of the International Reference Life Cycle Data System (ILCD).</common:generalComment>
        </dataSetInformation>
        <quantitativeReference>
            <referenceToReferenceFlowProperty>0</referenceToReferenceFlowProperty>
        </quantitativeReference>
    </flowInformation>
    <modellingAndValidation>
        <LCIMethod>
            <typeOfDataSet>Elementary flow</typeOfDataSet>
        </LCIMethod>
        <complianceDeclarations>
            <compliance>
                <common:referenceToComplianceSystem type="source data set" refObjectId="9ba3ac1e-6797-4cc0-afd5-1b8f7bf28c6a" uri="../sources/9ba3ac1e-6797-4cc0-afd5-1b8f7bf28c6a.xml">
                    <common:shortDescription xml:lang="en">ILCD Data Network - compliance (non-Process)</common:shortDescription>
                </common:referenceToComplianceSystem>
                <common:approvalOfOverallCompliance>Fully compliant</common:approvalOfOverallCompliance>
            </compliance>
        </complianceDeclarations>
    </modellingAndValidation>
    <administrativeInformation>
        <dataEntryBy>
            <common:timeStamp>2012-01-12T15:51:49.260+01:00</common:timeStamp>
            <common:referenceToDataSetFormat type="source data set" refObjectId="a97a0155-0234-4b87-b4ce-a45da52f2a40" uri="../sources/a97a0155-0234-4b87-b4ce-a45da52f2a40.xml">
                <common:shortDescription xml:lang="en">ILCD format</common:shortDescription>
            </common:referenceToDataSetFormat>
        </dataEntryBy>
        <publicationAndOwnership>
            <common:dataSetVersion>03.00.000</common:dataSetVersion>
            <common:permanentDataSetURI>http://lca.jrc.ec.europa.eu/lcainfohub/datasets/ilcd/flows/4d9a8790-3ddd-11dd-9448-0050c2490048.xml</common:permanentDataSetURI>
        </publicationAndOwnership>
    </administrativeInformation>
    <flowProperties>
        <flowProperty dataSetInternalID="0">
            <referenceToFlowPropertyDataSet type="flow property data set" refObjectId="93a60a56-a3c8-11da-a746-0800200b9a66" uri="../flowproperties/93a60a56-a3c8-11da-a746-0800200b9a66.xml">
                <common:shortDescription xml:lang="en">Mass</common:shortDescription>
            </referenceToFlowPropertyDataSet>
            <meanValue>1.0</meanValue>
        </flowProperty>
    </flowProperties>
</flowDataSet>
