<?xml version="1.0" encoding="UTF-8" standalone="yes"?><?xml-stylesheet type='text/xsl' href='../../stylesheets/flow2html.xsl'?>
<flowDataSet xmlns:common="http://lca.jrc.it/ILCD/Common" xmlns="http://lca.jrc.it/ILCD/Flow" xmlns:xsi="http://www.w3.org/2001/XMLSchema-instance" version="1.1" xsi:schemaLocation="http://lca.jrc.it/ILCD/Flow ../../schemas/ILCD_FlowDataSet.xsd">
    <flowInformation>
        <dataSetInformation>
            <common:UUID>4d9a8790-3ddd-11dd-978e-0050c2490048</common:UUID>
            <name>
                <baseName xml:lang="en">benomyl</baseName>
            </name>
            <common:synonyms xml:lang="en">(1-((butylamino)carbonyl)-1H-benzimidazol-2-yl)-carbamic acid methyl ester;1-(Butylcabonyl)-2-benzimidazole carbamic acid;1-(Butylcarbamoyl)-2-benzimidazol-methylcarbamat;1-(Butylcarbamoyl)-2-benzimidazolecarbamic acid methyl ester;1-(Butylcarbamoyl)-2-benzimidazolecarbamic acid, methyl ester;1-(N-Butylcarbamoyl)-2-(methoxy-carboxamido)-benzimidazol;2-Benzimidazolecarbamic acid, 1-(butylcarbamoyl)-, methyl ester;39357A;AC-12583;AC1L1G1V;Agrocit;Arbortrine;BBC;BC 6597;BNM;Benex;Benlate;Benlate 50;Benlate 50 W;Benlate 50W;Benomil;Benomyl 50W;Benomyl [ANSI:BSI:ISO];Benomyl-Imex;Benosan;Carbamic acid, (1-((butylamino)carbonyl)-1H-benzimidazol-2-yl)-, methyl ester;Carbamic acid, N-(1-((butylamino)carbonyl)-1H-benzimidazol-2-yl)-, methyl ester;Carbamic acid, [1-[(butylamino)carbonyl]-1H-benzimidazol-2-yl]-, methyl ester;Chinoin-fundazol;Du Pont 1991;Dupont 1991;F 1991;F-1991;F1991;Fibenzol;Fundasol;Fundazol;Fundazol 50WP;Fungicide 1991;Fungicide D-1991;Fungochrom;Kribenomy;Kribenomyl;MBCl;Methyl 1-((butylamino)carbonyl)-1H-benzimidazol-2-ylcarbamate;Methyl 1-(butylamino)carbonyl-1H-benzimidazol-2-ylcarbamate;Methyl 1-(butylcarbamoyl)-2-benzimidazolecarbamate;Methyl 1-(butylcarbamoyl)-2-benzimidazolylcarbamate;Methyl 1-(butylcarbamoyl)benzimidazol-2-ylcarbamate;Methyl N-(1-butylcarbamoyl-2-benzimidazole)carbamate;NS 02;NS 02 (fungicide);Tersan 1991;Uzgen;[1-[(Butylamino)carbonyl]-1H-benz-imidazol-2-yl]carbamic acid methyl ester;cMAP_000074;methyl N-[1-(butylcarbamoyl)benzimidazol-2-yl]carbamate;methyl [1-(butylcarbamoyl)-1H-benzimidazol-2-yl]carbamate;methyl {1-[(butylamino)carbonyl]-1H-benzimidazol-2-yl}carbamate</common:synonyms>
            <common:synonyms xml:lang="de">1-(Butylcarbamoyl)-2-benzimidazol-methylcarbamat;1-(N-Butylcarbamoyl)-2-(methoxy-carboxamido)-benzimidazol</common:synonyms>
            <classificationInformation>
                <common:elementaryFlowCategorization>
                    <common:category level="0">Emissions</common:category>
                    <common:category level="1">Emissions to air</common:category>
                    <common:category level="2">Emissions to air, unspecified</common:category>
                </common:elementaryFlowCategorization>
            </classificationInformation>
            <CASNumber>017804-35-2</CASNumber>
            <common:generalComment xml:lang="en">Reference elementary flow of the International Reference Life Cycle Data System (ILCD).</common:generalComment>
        </dataSetInformation>
        <quantitativeReference>
            <referenceToReferenceFlowProperty>0</referenceToReferenceFlowProperty>
        </quantitativeReference>
    </flowInformation>
    <modellingAndValidation>
        <LCIMethod>
            <typeOfDataSet>Elementary flow</typeOfDataSet>
        </LCIMethod>
        <complianceDeclarations>
            <compliance>
                <common:referenceToComplianceSystem type="source data set" refObjectId="9ba3ac1e-6797-4cc0-afd5-1b8f7bf28c6a" uri="../sources/9ba3ac1e-6797-4cc0-afd5-1b8f7bf28c6a.xml">
                    <common:shortDescription xml:lang="en">ILCD Data Network - compliance (non-Process)</common:shortDescription>
                </common:referenceToComplianceSystem>
                <common:approvalOfOverallCompliance>Fully compliant</common:approvalOfOverallCompliance>
            </compliance>
        </complianceDeclarations>
    </modellingAndValidation>
    <administrativeInformation>
        <dataEntryBy>
            <common:timeStamp>2012-01-12T15:51:21.798+01:00</common:timeStamp>
            <common:referenceToDataSetFormat type="source data set" refObjectId="a97a0155-0234-4b87-b4ce-a45da52f2a40" uri="../sources/a97a0155-0234-4b87-b4ce-a45da52f2a40.xml">
                <common:shortDescription xml:lang="en">ILCD format</common:shortDescription>
            </common:referenceToDataSetFormat>
        </dataEntryBy>
        <publicationAndOwnership>
            <common:dataSetVersion>03.00.000</common:dataSetVersion>
            <common:permanentDataSetURI>http://lca.jrc.ec.europa.eu/lcainfohub/datasets/ilcd/flows/4d9a8790-3ddd-11dd-978e-0050c2490048.xml</common:permanentDataSetURI>
        </publicationAndOwnership>
    </administrativeInformation>
    <flowProperties>
        <flowProperty dataSetInternalID="0">
            <referenceToFlowPropertyDataSet type="flow property data set" refObjectId="93a60a56-a3c8-11da-a746-0800200b9a66" uri="../flowproperties/93a60a56-a3c8-11da-a746-0800200b9a66.xml">
                <common:shortDescription xml:lang="en">Mass</common:shortDescription>
            </referenceToFlowPropertyDataSet>
            <meanValue>1.0</meanValue>
        </flowProperty>
    </flowProperties>
</flowDataSet>
