<?xml version="1.0" encoding="UTF-8" standalone="yes"?><?xml-stylesheet type='text/xsl' href='../../stylesheets/flow2html.xsl'?>
<flowDataSet xmlns:common="http://lca.jrc.it/ILCD/Common" xmlns="http://lca.jrc.it/ILCD/Flow" xmlns:xsi="http://www.w3.org/2001/XMLSchema-instance" version="1.1" xsi:schemaLocation="http://lca.jrc.it/ILCD/Flow ../../schemas/ILCD_FlowDataSet.xsd">
    <flowInformation>
        <dataSetInformation>
            <common:UUID>4d9a8790-3ddd-11dd-97df-0050c2490048</common:UUID>
            <name>
                <baseName xml:lang="en">n-butyl-acetate</baseName>
            </name>
            <common:synonyms xml:lang="en">1-Butyl acetate;1-Butylacetate;1-acetoxybutane;8JZ;A0024;A0228;AB1002202;AC1L1LAD;ACETIC ACID,BUTYL ESTER;AKOS000120198;Acetate de butyle;Acetic Acid Butyl Ester;Acetic acid n-butyl ester;Acetic acid, butyl ester;Acetic acid-n-Butyl Ester;Butile (acetati di);Butile(acetati di);Butyl acetate;Butyl acetate, n-;Butyl ester of acetic acid;Butyl ethanoate;Butylacetat;Butylacetaten;Butylazetat;Butyle (acetate de);Butyle(acetate de);Butylester kyseliny octove;CH3COO(CH2)3CH3;Essigsaeure-n-butylester;Essigsaeurebutylester;LTBB002235;N-BUTYL ACETATE;Octan n-butylu;n-BUTYL ACETATE, ACS;n-Butyl ethanoate;n-Butylacetate</common:synonyms>
            <common:synonyms xml:lang="de">Butylacetat</common:synonyms>
            <common:synonyms xml:lang="cs">Butylester kyseliny octove</common:synonyms>
            <common:synonyms xml:lang="fr">Acetate de butyle;Butyle (acetate de)</common:synonyms>
            <common:synonyms xml:lang="it">Butile (acetati di)</common:synonyms>
            <common:synonyms xml:lang="nl">Butylacetaten</common:synonyms>
            <common:synonyms xml:lang="pl">Octan n-butylu</common:synonyms>
            <classificationInformation>
                <common:elementaryFlowCategorization>
                    <common:category level="0">Emissions</common:category>
                    <common:category level="1">Emissions to air</common:category>
                    <common:category level="2">Emissions to air, unspecified</common:category>
                </common:elementaryFlowCategorization>
            </classificationInformation>
            <CASNumber>000123-86-4</CASNumber>
            <common:generalComment xml:lang="en">Reference elementary flow of the International Reference Life Cycle Data System (ILCD).</common:generalComment>
        </dataSetInformation>
        <quantitativeReference>
            <referenceToReferenceFlowProperty>0</referenceToReferenceFlowProperty>
        </quantitativeReference>
    </flowInformation>
    <modellingAndValidation>
        <LCIMethod>
            <typeOfDataSet>Elementary flow</typeOfDataSet>
        </LCIMethod>
        <complianceDeclarations>
            <compliance>
                <common:referenceToComplianceSystem type="source data set" refObjectId="9ba3ac1e-6797-4cc0-afd5-1b8f7bf28c6a" uri="../sources/9ba3ac1e-6797-4cc0-afd5-1b8f7bf28c6a.xml">
                    <common:shortDescription xml:lang="en">ILCD Data Network - compliance (non-Process)</common:shortDescription>
                </common:referenceToComplianceSystem>
                <common:approvalOfOverallCompliance>Fully compliant</common:approvalOfOverallCompliance>
            </compliance>
        </complianceDeclarations>
    </modellingAndValidation>
    <administrativeInformation>
        <dataEntryBy>
            <common:timeStamp>2012-01-12T15:51:40.040+01:00</common:timeStamp>
            <common:referenceToDataSetFormat type="source data set" refObjectId="a97a0155-0234-4b87-b4ce-a45da52f2a40" uri="../sources/a97a0155-0234-4b87-b4ce-a45da52f2a40.xml">
                <common:shortDescription xml:lang="en">ILCD format</common:shortDescription>
            </common:referenceToDataSetFormat>
        </dataEntryBy>
        <publicationAndOwnership>
            <common:dataSetVersion>03.00.000</common:dataSetVersion>
            <common:permanentDataSetURI>http://lca.jrc.ec.europa.eu/lcainfohub/datasets/ilcd/flows/4d9a8790-3ddd-11dd-97df-0050c2490048.xml</common:permanentDataSetURI>
        </publicationAndOwnership>
    </administrativeInformation>
    <flowProperties>
        <flowProperty dataSetInternalID="0">
            <referenceToFlowPropertyDataSet type="flow property data set" refObjectId="93a60a56-a3c8-11da-a746-0800200b9a66" uri="../flowproperties/93a60a56-a3c8-11da-a746-0800200b9a66.xml">
                <common:shortDescription xml:lang="en">Mass</common:shortDescription>
            </referenceToFlowPropertyDataSet>
            <meanValue>1.0</meanValue>
        </flowProperty>
    </flowProperties>
</flowDataSet>
