<?xml version="1.0" encoding="UTF-8" standalone="yes"?><?xml-stylesheet type='text/xsl' href='../../stylesheets/flow2html.xsl'?>
<flowDataSet xmlns:common="http://lca.jrc.it/ILCD/Common" xmlns="http://lca.jrc.it/ILCD/Flow" xmlns:xsi="http://www.w3.org/2001/XMLSchema-instance" version="1.1" xsi:schemaLocation="http://lca.jrc.it/ILCD/Flow ../../schemas/ILCD_FlowDataSet.xsd">
    <flowInformation>
        <dataSetInformation>
            <common:UUID>d86cafdf-6555-11dd-ad8b-0800200c9a66</common:UUID>
            <name>
                <baseName xml:lang="en">HCFC-140</baseName>
            </name>
            <common:synonyms xml:lang="en">'Chlorothene9;.alpha.-Trichloroethane;1,1,1 Trichloroethane;1,1,1-TCE;1,1,1-TRICHLOROETHANE;1,1,1-TRICHLOROETHANE (METHYL CHLOROFORM);1,1,1-TRICHLOROETHANE (SEE ALSO HALOGENATED ETHANES CS (1,1,1-TRICHLOROETHANE));1,1,1-Trichloorethaan;1,1,1-Trichloraethan;1,1,1-Trichlorethane;1,1,1-Trichloroethane, technical grade;1,1,1-Tricloroetano;1,1-Trichloroethane;111-TRICHLOROETHANE;AC1L1M6I;Aerothene TT;Baltana;CF 2;Chloroethene NU;Chloroform, methyl-;Chlorotene;Chlorothane NU;Chlorothene;Chlorothene NU;Chlorothene SM;Chlorothene VG;Chlorothene, inhibited;Chlorten;Cleanite;Dowclene LS;Ethana NU;Ethane, 1,1,1-trichloro-;F 140a;Genklene LB;HALOGENATED ETHANES CS (1,1, 1-TRICHLOROETHANE);HCC 140a;I14-11042;I14-6704;ICI-CF 2;Inhibisol;LTBB003931;Methyl chloroform;Methylchloroform;Methyltrichloromethane;NCI-C04626;Rcra waste number U226;Solvent 111;TRICHLOROETHANE;Tafclean;Three One A;Three One S;Tri-ethane;Trichloro-1,1,1-ethane;Trichloroethane, 1,1,1-;Trichloromethylmethane;alpha-T;alpha-Trichloroethane</common:synonyms>
            <common:synonyms xml:lang="de">1,1,1-Trichloräthan</common:synonyms>
            <common:synonyms xml:lang="fr">Trichloro-1,1,1-ethane</common:synonyms>
            <common:synonyms xml:lang="it">1,1,1-Tricloroetano</common:synonyms>
            <classificationInformation>
                <common:elementaryFlowCategorization>
                    <common:category level="0">Emissions</common:category>
                    <common:category level="1">Emissions to air</common:category>
                    <common:category level="2">Emissions to air, unspecified</common:category>
                </common:elementaryFlowCategorization>
            </classificationInformation>
            <CASNumber>000071-55-6</CASNumber>
            <common:generalComment xml:lang="en">Correct mapping CAS and flow to be verified, potentially wrong. Note that the CAS No is the relevant identifier, to which also the ILCD LCIA characterisation factors relate. Reference elementary flow of the International Reference Life Cycle Data System (ILCD).</common:generalComment>
        </dataSetInformation>
        <quantitativeReference>
            <referenceToReferenceFlowProperty>0</referenceToReferenceFlowProperty>
        </quantitativeReference>
    </flowInformation>
    <modellingAndValidation>
        <LCIMethod>
            <typeOfDataSet>Elementary flow</typeOfDataSet>
        </LCIMethod>
        <complianceDeclarations>
            <compliance>
                <common:referenceToComplianceSystem type="source data set" refObjectId="9ba3ac1e-6797-4cc0-afd5-1b8f7bf28c6a" uri="../sources/9ba3ac1e-6797-4cc0-afd5-1b8f7bf28c6a.xml">
                    <common:shortDescription xml:lang="en">ILCD Data Network - compliance (non-Process)</common:shortDescription>
                </common:referenceToComplianceSystem>
                <common:approvalOfOverallCompliance>Fully compliant</common:approvalOfOverallCompliance>
            </compliance>
        </complianceDeclarations>
    </modellingAndValidation>
    <administrativeInformation>
        <dataEntryBy>
            <common:timeStamp>2012-01-12T15:51:33.733+01:00</common:timeStamp>
            <common:referenceToDataSetFormat type="source data set" refObjectId="a97a0155-0234-4b87-b4ce-a45da52f2a40" uri="../sources/a97a0155-0234-4b87-b4ce-a45da52f2a40.xml">
                <common:shortDescription xml:lang="en">ILCD format</common:shortDescription>
            </common:referenceToDataSetFormat>
        </dataEntryBy>
        <publicationAndOwnership>
            <common:dataSetVersion>03.00.000</common:dataSetVersion>
            <common:permanentDataSetURI>http://lca.jrc.ec.europa.eu/lcainfohub/datasets/ilcd/flows/d86cafdf-6555-11dd-ad8b-0800200c9a66.xml</common:permanentDataSetURI>
        </publicationAndOwnership>
    </administrativeInformation>
    <flowProperties>
        <flowProperty dataSetInternalID="0">
            <referenceToFlowPropertyDataSet type="flow property data set" refObjectId="93a60a56-a3c8-11da-a746-0800200b9a66" uri="../flowproperties/93a60a56-a3c8-11da-a746-0800200b9a66.xml">
                <common:shortDescription xml:lang="en">Mass</common:shortDescription>
            </referenceToFlowPropertyDataSet>
            <meanValue>1.0</meanValue>
        </flowProperty>
    </flowProperties>
</flowDataSet>
