<?xml version="1.0" encoding="UTF-8" standalone="yes"?><?xml-stylesheet type='text/xsl' href='../../stylesheets/flow2html.xsl'?>
<flowDataSet xmlns:common="http://lca.jrc.it/ILCD/Common" xmlns="http://lca.jrc.it/ILCD/Flow" xmlns:xsi="http://www.w3.org/2001/XMLSchema-instance" version="1.1" xsi:schemaLocation="http://lca.jrc.it/ILCD/Flow ../../schemas/ILCD_FlowDataSet.xsd">
    <flowInformation>
        <dataSetInformation>
            <common:UUID>e2fb2bc2-6555-11dd-ad8b-0800200c9a66</common:UUID>
            <name>
                <baseName xml:lang="en">palladium</baseName>
            </name>
            <common:synonyms xml:lang="en">(107pd)palladium;(109pd)palladium;46Pd;AB1002191;AC1L2N3K;Escat(TM) 103;Escat(TM) 11;FT-0083594;IN2843;KST-1A2116;KST-1A2634;KST-1A2635;Lindlar Catalyst;P1490;P1491;P1701;P1702;P1703;P1785;PALLADIUM, SPONGE;PALLADIUM, WIRE,0.05&quot;&quot; DIAM;PD;Palladex 600;Palladium Black;Palladium element;Palladium on activated charcoal;Palladium on alumina;Palladium on barium sulfate;Palladium on carbon;Palladium, element;Precipitated palladium;e 1002 nn/w;e 1002 r/w;e 101 n/d;e 101 n/w;e 101 ne/w;e 101 nn/d;e 101 nn/w;e 101 no/w;e 101 o/d;e 101 o/w;e 101 r/d;e 101 r/w;e 105 b/d;e 105 ca/w;e 105 o/w;e 105 r/d;e 105 r/w;e 105 rse/w;e 105 y/w;e 105 ya/w;e 106 b/w;e 106 kr/d;e 106 nn/w;e 106 o/w;e 106 r/w;e 106 rob/d;e 106 u/w;e 1097 ne/w;e 1097 r/w;e 1506 ya/w;e 1529 r/w;e 196 kp/d;e 196 nn/w;e 196 r/d;e 196 r/w;e 196 rb/d;e 196 rb/w;e 199 nn/w;paladio;palladium / carbon;palladium carbon;palladium carbon catalyst;palladium charcoal;palladium on activated carbon;palladium on activated carbon, oxidic;palladium on activated carbon, reduced;palladium on activated carbon, sulfided;palladium on activated carbon, unreduced;palladium on activated peat carbon, reduced;palladium on activated wood carbon, reduced;palladium on activated wood carbon, unreduced;palladium on carbon, reduced;palladium on charcoal;palladium on charcoal paste;palladium, on activated carbon;palladium, on active carbon;palladium-activated carbon;palladium/carbon;palladium/charcoal activated</common:synonyms>
            <classificationInformation>
                <common:elementaryFlowCategorization>
                    <common:category level="0">Resources</common:category>
                    <common:category level="1">Resources from ground</common:category>
                    <common:category level="2">Non-renewable element resources from ground</common:category>
                </common:elementaryFlowCategorization>
            </classificationInformation>
            <CASNumber>007440-05-3</CASNumber>
            <common:generalComment xml:lang="en">Reference elementary flow of the International Reference Life Cycle Data System (ILCD).</common:generalComment>
        </dataSetInformation>
        <quantitativeReference>
            <referenceToReferenceFlowProperty>0</referenceToReferenceFlowProperty>
        </quantitativeReference>
    </flowInformation>
    <modellingAndValidation>
        <LCIMethod>
            <typeOfDataSet>Elementary flow</typeOfDataSet>
        </LCIMethod>
        <complianceDeclarations>
            <compliance>
                <common:referenceToComplianceSystem type="source data set" refObjectId="9ba3ac1e-6797-4cc0-afd5-1b8f7bf28c6a" uri="../sources/9ba3ac1e-6797-4cc0-afd5-1b8f7bf28c6a.xml">
                    <common:shortDescription xml:lang="en">ILCD Data Network - compliance (non-Process)</common:shortDescription>
                </common:referenceToComplianceSystem>
                <common:approvalOfOverallCompliance>Fully compliant</common:approvalOfOverallCompliance>
            </compliance>
        </complianceDeclarations>
    </modellingAndValidation>
    <administrativeInformation>
        <dataEntryBy>
            <common:timeStamp>2012-01-12T15:51:41.959+01:00</common:timeStamp>
            <common:referenceToDataSetFormat type="source data set" refObjectId="a97a0155-0234-4b87-b4ce-a45da52f2a40" uri="../sources/a97a0155-0234-4b87-b4ce-a45da52f2a40.xml">
                <common:shortDescription xml:lang="en">ILCD format</common:shortDescription>
            </common:referenceToDataSetFormat>
        </dataEntryBy>
        <publicationAndOwnership>
            <common:dataSetVersion>03.00.000</common:dataSetVersion>
            <common:permanentDataSetURI>http://lca.jrc.ec.europa.eu/lcainfohub/datasets/ilcd/flows/e2fb2bc2-6555-11dd-ad8b-0800200c9a66.xml</common:permanentDataSetURI>
        </publicationAndOwnership>
    </administrativeInformation>
    <flowProperties>
        <flowProperty dataSetInternalID="0">
            <referenceToFlowPropertyDataSet type="flow property data set" refObjectId="93a60a56-a3c8-11da-a746-0800200b9a66" uri="../flowproperties/93a60a56-a3c8-11da-a746-0800200b9a66.xml">
                <common:shortDescription xml:lang="en">Mass</common:shortDescription>
            </referenceToFlowPropertyDataSet>
            <meanValue>1.0</meanValue>
        </flowProperty>
    </flowProperties>
</flowDataSet>
