<?xml version="1.0" encoding="utf-8"?>
<?xml-stylesheet version="1.0" href="../../stylesheets/flow2html.xsl" type="text/xsl"?>
<flowDataSet xmlns="http://lca.jrc.it/ILCD/Flow" xmlns:common="http://lca.jrc.it/ILCD/Common" xmlns:xsi="http://www.w3.org/2001/XMLSchema-instance" xsi:schemaLocation="http://lca.jrc.it/ILCD/Flow ../../schemas/ILCD_FlowDataSet.xsd" locations="../ILCDLocations.xml" version="1.1">
  <flowInformation>
    <dataSetInformation>
      <common:UUID>e8008fc0-64e8-44b6-89b4-f9538790ed76</common:UUID>
      <name>
        <baseName xml:lang="en">Expandable polystyrene (EPS), white and grey</baseName>
        <mixAndLocationTypes xml:lang="en">mix white and grey</mixAndLocationTypes>
        <flowProperties xml:lang="en">MW=104.15*n g/mol</flowProperties>
      </name>
      <common:synonyms xml:lang="en">Expandable Polystyrene with and without infrared absorber</common:synonyms>
      <classificationInformation>
        <common:elementaryFlowCategorization categories="../GaBiCategories.xml">
          <common:category level="0" catId="4a938ffe-59f7-4b32-a12f-cb240e413585">Valuable substances</common:category>
          <common:category level="1" catId="b9671266-d655-43df-adbe-87b6edb87b20">Materials</common:category>
          <common:category level="2" catId="deb22193-2698-4fd0-bef2-9acf128ef62c">Plastics</common:category>
        </common:elementaryFlowCategorization>
        <common:classification classes="../GaBiCategories.xml">
          <common:class level="0" classId="4a938ffe-59f7-4b32-a12f-cb240e413585">Valuable substances</common:class>
          <common:class level="1" classId="b9671266-d655-43df-adbe-87b6edb87b20">Materials</common:class>
          <common:class level="2" classId="deb22193-2698-4fd0-bef2-9acf128ef62c">Plastics</common:class>
        </common:classification>
      </classificationInformation>
      <CASNumber>009003-53-6</CASNumber>
      <sumFormula>(C8H8)n</sumFormula>
    </dataSetInformation>
    <quantitativeReference>
      <referenceToReferenceFlowProperty>0</referenceToReferenceFlowProperty>
    </quantitativeReference>
  </flowInformation>
  <modellingAndValidation>
    <LCIMethod>
      <typeOfDataSet>Product flow</typeOfDataSet>
    </LCIMethod>
    <complianceDeclarations>
      <compliance>
        <common:referenceToComplianceSystem refObjectId="9ba3ac1e-6797-4cc0-afd5-1b8f7bf28c6a" version="03.00.000" type="source data set" uri="../sources/9ba3ac1e-6797-4cc0-afd5-1b8f7bf28c6a.xml">
          <common:shortDescription xml:lang="en">ILCD compliance 1.1</common:shortDescription>
        </common:referenceToComplianceSystem>
        <common:approvalOfOverallCompliance>Fully compliant</common:approvalOfOverallCompliance>
      </compliance>
    </complianceDeclarations>
  </modellingAndValidation>
  <administrativeInformation>
    <dataEntryBy>
      <common:timeStamp>2015-03-01T00:00:00+01:00</common:timeStamp>
      <common:referenceToDataSetFormat refObjectId="a97a0155-0234-4b87-b4ce-a45da52f2a40" version="03.00.000" type="source data set" uri="../sources/a97a0155-0234-4b87-b4ce-a45da52f2a40.xml">
        <common:shortDescription xml:lang="en">ILCD format 1.1</common:shortDescription>
      </common:referenceToDataSetFormat>
    </dataEntryBy>
    <publicationAndOwnership>
      <common:dataSetVersion>27.00.000</common:dataSetVersion>
      <common:referenceToOwnershipOfDataSet refObjectId="623edf96-39d1-4e6f-9892-674c7228546b" version="27.00.000" type="contact data set" uri="../contacts/623edf96-39d1-4e6f-9892-674c7228546b.xml">
        <common:shortDescription xml:lang="en">PE INTERNATIONAL</common:shortDescription>
      </common:referenceToOwnershipOfDataSet>
    </publicationAndOwnership>
  </administrativeInformation>
  <flowProperties>
    <flowProperty dataSetInternalID="0">
      <referenceToFlowPropertyDataSet refObjectId="93a60a56-a3c8-11da-a746-0800200b9a66" version="03.00.000" type="flow property data set" uri="../flowproperties/93a60a56-a3c8-11da-a746-0800200b9a66.xml">
        <common:shortDescription xml:lang="en">Mass</common:shortDescription>
      </referenceToFlowPropertyDataSet>
      <meanValue>1</meanValue>
    </flowProperty>
  </flowProperties>
</flowDataSet>
