<?xml version="1.0" encoding="UTF-8" standalone="yes"?><?xml-stylesheet type='text/xsl' href='../../stylesheets/flow2html.xsl'?>
<flowDataSet xmlns:common="http://lca.jrc.it/ILCD/Common" xmlns="http://lca.jrc.it/ILCD/Flow" xmlns:xsi="http://www.w3.org/2001/XMLSchema-instance" version="1.1" xsi:schemaLocation="http://lca.jrc.it/ILCD/Flow ../../schemas/ILCD_FlowDataSet.xsd">
    <flowInformation>
        <dataSetInformation>
            <common:UUID>fe0acd60-3ddc-11dd-a496-0050c2490048</common:UUID>
            <name>
                <baseName xml:lang="en">vinyl chloride</baseName>
            </name>
            <common:synonyms xml:lang="en">101EP;1032X;AC1L1MB3;Armodour;Aron TS 700;Atactic poly(vinyl chloride);Bakelite;Boltaron;Carina;Chlorethene;Chlorethylene;Chloride, Vinyl;Chloroethene;Chloroethene homopolymer;Chloroethylene;Chloroethylene polymer;Chloroethylene, polymer;Chlorure de vinyle;Cloruro di vinile;Corvic 55/9;Dacovin;Darvic 110;Dynadur;Ekavyl SD 2;Ethene, chloro-;Ethene, chloro-, homopolymer;Ethylene monochloride;Ethylene, chloro-;Ethylene, chloro-, polymer;Exon 605;Expanded polyvinyl chloride;FC 4648;Flocor;GEON 51;Genotherm;Halvic 223;Hostalit;L 5;LTBB001115;Monochloroethene;Monochloroethylene;Monovinyl chloride;POLYVINYL CHLORIDE;Poly(vinyl chloride);Poly(vinyl chloride) carboxylated;Poly(vinyl chloride-co-acrylic acid);Polyvinyl chloride resin;Polyvinylchloride;Polyvinylchloride latex;Resinite 90;Trovidur;U 1;VC;VCM;VINYL-CHLORIDE;Vinile (cloruro di);Vinyl C;Vinyl C monomer;Vinyl chloride Chloroethylene;Vinyl chloride monomer;Vinyl chlorine;Vinylchlorid;Vinylchloride;Vinyle(chlorure de);Winylu chlorek;cloroetileno;cloruro de vinilo</common:synonyms>
            <common:synonyms xml:lang="de">Vinylchlorid</common:synonyms>
            <common:synonyms xml:lang="fr">Chloroethylene homopolymerise;Chlorure de vinyle;Vinyle(chlorure de)</common:synonyms>
            <common:synonyms xml:lang="it">Cloruro di vinile;Vinile (cloruro di)</common:synonyms>
            <common:synonyms xml:lang="pl">Winylu chlorek</common:synonyms>
            <classificationInformation>
                <common:elementaryFlowCategorization>
                    <common:category level="0">Emissions</common:category>
                    <common:category level="1">Emissions to water</common:category>
                    <common:category level="2">Emissions to fresh water</common:category>
                </common:elementaryFlowCategorization>
            </classificationInformation>
            <CASNumber>000075-01-4</CASNumber>
            <common:generalComment xml:lang="en">Reference elementary flow of the International Reference Life Cycle Data System (ILCD).</common:generalComment>
        </dataSetInformation>
        <quantitativeReference>
            <referenceToReferenceFlowProperty>0</referenceToReferenceFlowProperty>
        </quantitativeReference>
    </flowInformation>
    <modellingAndValidation>
        <LCIMethod>
            <typeOfDataSet>Elementary flow</typeOfDataSet>
        </LCIMethod>
        <complianceDeclarations>
            <compliance>
                <common:referenceToComplianceSystem type="source data set" refObjectId="9ba3ac1e-6797-4cc0-afd5-1b8f7bf28c6a" uri="../sources/9ba3ac1e-6797-4cc0-afd5-1b8f7bf28c6a.xml">
                    <common:shortDescription xml:lang="en">ILCD Data Network - compliance (non-Process)</common:shortDescription>
                </common:referenceToComplianceSystem>
                <common:approvalOfOverallCompliance>Fully compliant</common:approvalOfOverallCompliance>
            </compliance>
        </complianceDeclarations>
    </modellingAndValidation>
    <administrativeInformation>
        <dataEntryBy>
            <common:timeStamp>2012-01-12T15:51:48.894+01:00</common:timeStamp>
            <common:referenceToDataSetFormat type="source data set" refObjectId="a97a0155-0234-4b87-b4ce-a45da52f2a40" uri="../sources/a97a0155-0234-4b87-b4ce-a45da52f2a40.xml">
                <common:shortDescription xml:lang="en">ILCD format</common:shortDescription>
            </common:referenceToDataSetFormat>
        </dataEntryBy>
        <publicationAndOwnership>
            <common:dataSetVersion>03.00.000</common:dataSetVersion>
            <common:permanentDataSetURI>http://lca.jrc.ec.europa.eu/lcainfohub/datasets/ilcd/flows/fe0acd60-3ddc-11dd-a496-0050c2490048.xml</common:permanentDataSetURI>
        </publicationAndOwnership>
    </administrativeInformation>
    <flowProperties>
        <flowProperty dataSetInternalID="0">
            <referenceToFlowPropertyDataSet type="flow property data set" refObjectId="93a60a56-a3c8-11da-a746-0800200b9a66" uri="../flowproperties/93a60a56-a3c8-11da-a746-0800200b9a66.xml">
                <common:shortDescription xml:lang="en">Mass</common:shortDescription>
            </referenceToFlowPropertyDataSet>
            <meanValue>1.0</meanValue>
        </flowProperty>
    </flowProperties>
</flowDataSet>
