<?xml version="1.0" encoding="UTF-8" standalone="yes"?><?xml-stylesheet type='text/xsl' href='../../stylesheets/flow2html.xsl'?>
<flowDataSet xmlns:common="http://lca.jrc.it/ILCD/Common" xmlns="http://lca.jrc.it/ILCD/Flow" xmlns:xsi="http://www.w3.org/2001/XMLSchema-instance" version="1.1" xsi:schemaLocation="http://lca.jrc.it/ILCD/Flow ../../schemas/ILCD_FlowDataSet.xsd">
    <flowInformation>
        <dataSetInformation>
            <common:UUID>fe0acd60-3ddc-11dd-a984-0050c2490048</common:UUID>
            <name>
                <baseName xml:lang="en">dicamba</baseName>
            </name>
            <common:synonyms xml:lang="en">2,5-Dichloro-6-methoxybenzoic acid;2-Methoxy-3,6-dichlorobenzoic acid;3,6-Dichloor-2-methoxy-benzoeizuur;3,6-Dichlor-3-methoxy-benzoesaeure;3,6-Dichloro-2-methoxybenzoic acid;3,6-Dichloro-o-anisic acid;AC1L1F0K;AC1Q3ODW;AKOS000273802;Acido (3,6-dicloro-2-metossi)-benzoico;Banlen;Banvel;Banvel 480;Banvel 70WP;Banvel CST;Banvel D;Banvel II herbicide;Banvel SGF;Banvel herbicide;Benzoic acid, 3,6-dichloro-2-methoxy-;Brush buster;Compound B [Velsicol];Compound B dicamba;DICAMBA (PESTICIDE/FERTILIZERMIXTURE);Dianat;Dicamba [ANSI:BSI:ISO];IWEDIXLBFLAXBO-UHFFFAOYSA-;Jsp003940;Kyselina 3,6-dichlor-2-methoxybenzoova;Mdba;Mediben;Oprea1_626816;SBB003348;SpecPlus_000428;Velsicol 58-CS-11;Velsicol Compound &quot;R&quot;;Velsicol compound R;o-Anisic acid, 3,6-dichloro-</common:synonyms>
            <common:synonyms xml:lang="de">3,6-Dichlor-3-methoxy-benzoesäure</common:synonyms>
            <common:synonyms xml:lang="cs">Kyselina 3,6-dichlor-2-methoxybenzoova</common:synonyms>
            <common:synonyms xml:lang="it">Acido (3,6-dicloro-2-metossi)-benzoico</common:synonyms>
            <common:synonyms xml:lang="nl">3,6-Dichloor-2-methoxy-benzoeizuur</common:synonyms>
            <common:synonyms xml:lang="ru">Dianat</common:synonyms>
            <classificationInformation>
                <common:elementaryFlowCategorization>
                    <common:category level="0">Emissions</common:category>
                    <common:category level="1">Emissions to air</common:category>
                    <common:category level="2">Emissions to air, unspecified</common:category>
                </common:elementaryFlowCategorization>
            </classificationInformation>
            <CASNumber>001918-00-9</CASNumber>
            <common:generalComment xml:lang="en">Reference elementary flow of the International Reference Life Cycle Data System (ILCD).</common:generalComment>
        </dataSetInformation>
        <quantitativeReference>
            <referenceToReferenceFlowProperty>0</referenceToReferenceFlowProperty>
        </quantitativeReference>
    </flowInformation>
    <modellingAndValidation>
        <LCIMethod>
            <typeOfDataSet>Elementary flow</typeOfDataSet>
        </LCIMethod>
        <complianceDeclarations>
            <compliance>
                <common:referenceToComplianceSystem type="source data set" refObjectId="9ba3ac1e-6797-4cc0-afd5-1b8f7bf28c6a" uri="../sources/9ba3ac1e-6797-4cc0-afd5-1b8f7bf28c6a.xml">
                    <common:shortDescription xml:lang="en">ILCD Data Network - compliance (non-Process)</common:shortDescription>
                </common:referenceToComplianceSystem>
                <common:approvalOfOverallCompliance>Fully compliant</common:approvalOfOverallCompliance>
            </compliance>
        </complianceDeclarations>
    </modellingAndValidation>
    <administrativeInformation>
        <dataEntryBy>
            <common:timeStamp>2012-01-12T15:51:28.241+01:00</common:timeStamp>
            <common:referenceToDataSetFormat type="source data set" refObjectId="a97a0155-0234-4b87-b4ce-a45da52f2a40" uri="../sources/a97a0155-0234-4b87-b4ce-a45da52f2a40.xml">
                <common:shortDescription xml:lang="en">ILCD format</common:shortDescription>
            </common:referenceToDataSetFormat>
        </dataEntryBy>
        <publicationAndOwnership>
            <common:dataSetVersion>03.00.000</common:dataSetVersion>
            <common:permanentDataSetURI>http://lca.jrc.ec.europa.eu/lcainfohub/datasets/ilcd/flows/fe0acd60-3ddc-11dd-a984-0050c2490048.xml</common:permanentDataSetURI>
        </publicationAndOwnership>
    </administrativeInformation>
    <flowProperties>
        <flowProperty dataSetInternalID="0">
            <referenceToFlowPropertyDataSet type="flow property data set" refObjectId="93a60a56-a3c8-11da-a746-0800200b9a66" uri="../flowproperties/93a60a56-a3c8-11da-a746-0800200b9a66.xml">
                <common:shortDescription xml:lang="en">Mass</common:shortDescription>
            </referenceToFlowPropertyDataSet>
            <meanValue>1.0</meanValue>
        </flowProperty>
    </flowProperties>
</flowDataSet>
