<?xml version="1.0" encoding="UTF-8" standalone="yes"?><?xml-stylesheet type='text/xsl' href='../../stylesheets/flow2html.xsl'?>
<flowDataSet xmlns:common="http://lca.jrc.it/ILCD/Common" xmlns="http://lca.jrc.it/ILCD/Flow" xmlns:xsi="http://www.w3.org/2001/XMLSchema-instance" version="1.1" xsi:schemaLocation="http://lca.jrc.it/ILCD/Flow ../../schemas/ILCD_FlowDataSet.xsd">
    <flowInformation>
        <dataSetInformation>
            <common:UUID>fe0acd60-3ddc-11dd-a7a4-0050c2490048</common:UUID>
            <name>
                <baseName xml:lang="en">copper</baseName>
            </name>
            <common:synonyms xml:lang="en">(60cu)copper;(67cu)copper;1721 Gold;29Cu;AC1L2N4I;ANAC 110;Allbri Natural Copper;Anode copper;Arwood copper;Blister copper;Bronze powder;C.I. 77400;C.I. Pigment Metal 2;CDA 101;CDA 102;CDA 110;CDA 122;CDX (metal);CE 1110;CE 7 (metal);CI 77400;CI Pigment metal 2;CU;CU M3;CU3;Cathode copper;Continuous cast copper (O);Copper (O);Copper (S, P);Copper M 1;Copper bronze;Copper dust;Copper fulleride (CuC20);Copper metal powder;Copper powder;Copper precipitates;Copper slag-airborne;Copper slag-milled;Copper sponge;Copper, dusts and mists;Copper, elemental;Copper, fume;Copper, metallic powder;Copper, small rods for elemental analysis;Copper-airborne;Copper-milled;Cu(0);Cu(II);Cu-7;Cuprum [Latin];Cutox 6010;Cutox 6030;E 115 (metal);Electrolytic copper (trace elements);Electrolytic refinery billet copper;Electrolytic refinery wirebar copper;Electrolytic tough pitch copper (O);Gold bronze;KST-1A1345;KST-1A1813;Kafar copper;Kupfer;LTBB002481;M1 (Copper);M2 (Copper);M3 (Copper);M3R;M3S;M4 (Copper);OFHC Cu;Paragard T 380a;Pigment metal 2;RANEY COPPER OR BANEY COPPER;Rame;Raney copper;Raney(R)-Copper;Tatum-T;copper I;copper II;copper(0);copper(3+);cuivre;cuprum</common:synonyms>
            <classificationInformation>
                <common:elementaryFlowCategorization>
                    <common:category level="0">Emissions</common:category>
                    <common:category level="1">Emissions to water</common:category>
                    <common:category level="2">Emissions to fresh water</common:category>
                </common:elementaryFlowCategorization>
            </classificationInformation>
            <CASNumber>007440-50-8</CASNumber>
            <common:generalComment xml:lang="en">CAS number of the metallic form is chosen. Note that this elementary flow is representing also all ions, unless individual elementary flows are differentiated by the to-be-applied LCIA methods, which are then to be preferred. Reference elementary flow of the International Reference Life Cycle Data System (ILCD).</common:generalComment>
        </dataSetInformation>
        <quantitativeReference>
            <referenceToReferenceFlowProperty>0</referenceToReferenceFlowProperty>
        </quantitativeReference>
    </flowInformation>
    <modellingAndValidation>
        <LCIMethod>
            <typeOfDataSet>Elementary flow</typeOfDataSet>
        </LCIMethod>
        <complianceDeclarations>
            <compliance>
                <common:referenceToComplianceSystem type="source data set" refObjectId="9ba3ac1e-6797-4cc0-afd5-1b8f7bf28c6a" uri="../sources/9ba3ac1e-6797-4cc0-afd5-1b8f7bf28c6a.xml">
                    <common:shortDescription xml:lang="en">ILCD Data Network - compliance (non-Process)</common:shortDescription>
                </common:referenceToComplianceSystem>
                <common:approvalOfOverallCompliance>Fully compliant</common:approvalOfOverallCompliance>
            </compliance>
        </complianceDeclarations>
    </modellingAndValidation>
    <administrativeInformation>
        <dataEntryBy>
            <common:timeStamp>2012-01-12T15:51:26.693+01:00</common:timeStamp>
            <common:referenceToDataSetFormat type="source data set" refObjectId="a97a0155-0234-4b87-b4ce-a45da52f2a40" uri="../sources/a97a0155-0234-4b87-b4ce-a45da52f2a40.xml">
                <common:shortDescription xml:lang="en">ILCD format</common:shortDescription>
            </common:referenceToDataSetFormat>
        </dataEntryBy>
        <publicationAndOwnership>
            <common:dataSetVersion>03.00.000</common:dataSetVersion>
            <common:permanentDataSetURI>http://lca.jrc.ec.europa.eu/lcainfohub/datasets/ilcd/flows/fe0acd60-3ddc-11dd-a7a4-0050c2490048.xml</common:permanentDataSetURI>
        </publicationAndOwnership>
    </administrativeInformation>
    <flowProperties>
        <flowProperty dataSetInternalID="0">
            <referenceToFlowPropertyDataSet type="flow property data set" refObjectId="93a60a56-a3c8-11da-a746-0800200b9a66" uri="../flowproperties/93a60a56-a3c8-11da-a746-0800200b9a66.xml">
                <common:shortDescription xml:lang="en">Mass</common:shortDescription>
            </referenceToFlowPropertyDataSet>
            <meanValue>1.0</meanValue>
        </flowProperty>
    </flowProperties>
</flowDataSet>
