<?xml version="1.0" encoding="UTF-8" standalone="yes"?><?xml-stylesheet type='text/xsl' href='../../stylesheets/flow2html.xsl'?>
<flowDataSet xmlns:common="http://lca.jrc.it/ILCD/Common" xmlns="http://lca.jrc.it/ILCD/Flow" xmlns:xsi="http://www.w3.org/2001/XMLSchema-instance" version="1.1" xsi:schemaLocation="http://lca.jrc.it/ILCD/Flow ../../schemas/ILCD_FlowDataSet.xsd">
    <flowInformation>
        <dataSetInformation>
            <common:UUID>fe0acd60-3ddc-11dd-a259-0050c2490048</common:UUID>
            <name>
                <baseName xml:lang="en">terbufos</baseName>
            </name>
            <common:synonyms xml:lang="en">(tert-butylthio)methyl O,O-diethyl dithiophosphate;AC 92100;AC1L19HX;CPD-12806;Contraven;Counter;Counter 15G;Counter 15G soil insecticide;Counter 15G soil insecticide-nematicide;ENT 27920;O,O-DIETHYL S-(((1,1-DIMETHYLETHYL)THIO)METHYL) PHOSHORODITHIOATE;O,O-Diethyl-S-1,1-dimethylethylthiomethyl;O,O-diethyl S((tert-butylthio)methyl)phosphorodithioate;O,O-diethyl S-(((1,1-dimethylethyl)thio)methyl)phoshorodithioate;Phosphorodithioic acid S-(((1,1-dimethylethyl)thio)methyl) O,O-diethyl ester;Phosphorodithioic acid S-((tert-butylthio)methyl) O,O-diethyl ester;Phosphorodithioic acid, O,O-diethyl S-(((1,1-dimethylethyl)thio)methyl) ester;Phosphorodithioic acid, S-(((1,1-dimethylethyl)thio)methyl) O,O-diethyl ester;Phosphorodithioic acid, S-[(tert-butylthio)methyl] O,O-diethyl ester;Phosphorodithioic acid, S-[[(1,1-dimethylethyl)thio]methyl] O,O-diethyl ester;S-(((1,1-Dimethylethyl)thio)methyl) O,O-diethyl phosphorodithioate;S-(((1,1-Dimethylethyl)thio)methyl)-O,O-diethyl phosphorodithioate;S-((tert-Butylthio)methyl)O,O-diethylphosphorodithioate;S-[(tert-Butylsulfanyl)methyl] o,o-diethyl dithiophosphate;S-[(tert-butylsulfanyl)methyl] O,O-diethyl phosphorodithioate;S-[(tert-butylthio)methyl] O,O-diethyl dithiophosphate;S-t-Butylthio-methyl-O,O-diethyl phosphorodithioate;S-tert-Butylthiomethyl O,O-diethyl phosphorodithioate;S-tert-Butylthiomethyl O,O-diethylphosphorodithioate;St-100;Terbufos (counter);Terbufos [ANSI:BSI:ISO];tert-butylsulfanylmethylsulfanyl-diethoxy-sulfanylidene-</common:synonyms>
            <classificationInformation>
                <common:elementaryFlowCategorization>
                    <common:category level="0">Emissions</common:category>
                    <common:category level="1">Emissions to water</common:category>
                    <common:category level="2">Emissions to fresh water</common:category>
                </common:elementaryFlowCategorization>
            </classificationInformation>
            <CASNumber>013071-79-9</CASNumber>
            <common:generalComment xml:lang="en">Reference elementary flow of the International Reference Life Cycle Data System (ILCD).</common:generalComment>
        </dataSetInformation>
        <quantitativeReference>
            <referenceToReferenceFlowProperty>0</referenceToReferenceFlowProperty>
        </quantitativeReference>
    </flowInformation>
    <modellingAndValidation>
        <LCIMethod>
            <typeOfDataSet>Elementary flow</typeOfDataSet>
        </LCIMethod>
        <complianceDeclarations>
            <compliance>
                <common:referenceToComplianceSystem type="source data set" refObjectId="9ba3ac1e-6797-4cc0-afd5-1b8f7bf28c6a" uri="../sources/9ba3ac1e-6797-4cc0-afd5-1b8f7bf28c6a.xml">
                    <common:shortDescription xml:lang="en">ILCD Data Network - compliance (non-Process)</common:shortDescription>
                </common:referenceToComplianceSystem>
                <common:approvalOfOverallCompliance>Fully compliant</common:approvalOfOverallCompliance>
            </compliance>
        </complianceDeclarations>
    </modellingAndValidation>
    <administrativeInformation>
        <dataEntryBy>
            <common:timeStamp>2012-01-12T15:51:46.729+01:00</common:timeStamp>
            <common:referenceToDataSetFormat type="source data set" refObjectId="a97a0155-0234-4b87-b4ce-a45da52f2a40" uri="../sources/a97a0155-0234-4b87-b4ce-a45da52f2a40.xml">
                <common:shortDescription xml:lang="en">ILCD format</common:shortDescription>
            </common:referenceToDataSetFormat>
        </dataEntryBy>
        <publicationAndOwnership>
            <common:dataSetVersion>03.00.000</common:dataSetVersion>
            <common:permanentDataSetURI>http://lca.jrc.ec.europa.eu/lcainfohub/datasets/ilcd/flows/fe0acd60-3ddc-11dd-a259-0050c2490048.xml</common:permanentDataSetURI>
        </publicationAndOwnership>
    </administrativeInformation>
    <flowProperties>
        <flowProperty dataSetInternalID="0">
            <referenceToFlowPropertyDataSet type="flow property data set" refObjectId="93a60a56-a3c8-11da-a746-0800200b9a66" uri="../flowproperties/93a60a56-a3c8-11da-a746-0800200b9a66.xml">
                <common:shortDescription xml:lang="en">Mass</common:shortDescription>
            </referenceToFlowPropertyDataSet>
            <meanValue>1.0</meanValue>
        </flowProperty>
    </flowProperties>
</flowDataSet>
