<?xml version="1.0" encoding="UTF-8" standalone="yes"?><?xml-stylesheet type='text/xsl' href='../../stylesheets/flow2html.xsl'?>
<flowDataSet xmlns:common="http://lca.jrc.it/ILCD/Common" xmlns="http://lca.jrc.it/ILCD/Flow" xmlns:xsi="http://www.w3.org/2001/XMLSchema-instance" version="1.1" xsi:schemaLocation="http://lca.jrc.it/ILCD/Flow ../../schemas/ILCD_FlowDataSet.xsd">
    <flowInformation>
        <dataSetInformation>
            <common:UUID>fe0acd60-3ddc-11dd-a843-0050c2490048</common:UUID>
            <name>
                <baseName xml:lang="en">isopropanol</baseName>
            </name>
            <common:synonyms xml:lang="en">1-Hydroxy-1-methylethyl;1-Methylethanol;1-Methylethyl alcohol;2 Propanol;2-Hydroxypropane;2-PROPANOL, ISOPROPANOL;2-Propanol;2-Propyl alcohol;300128X;AB1003644;AC1L1GOQ;AC1Q1QDY;AKOS000121012;Alcohol, Isopropyl;Alcohol, rubbing;Alcojel;Alcolo;Alcool isopropilico;Alcool isopropylique;Alcosolve;Alcosolve 2;Alkolave;Arquad DMCB;Avantin;Avantine;Combi-schutz;Dimethylcarbinol;Ethyl, 1-hydroxy-1-methyl-;Hartosol;I0277;IOH;ISO-PROPANOL;ISOPROPYL ALCOHOL, ACS;ISOPROPYL ALCOHOL, U.S.P.;Imsol A;Iso-propyl alcohol;Iso-propylalkohol;Isohol;Isopro;Isopro (TN);Isopropenol;Isopropryl alcohol;Isopropyl alcohol;Isopropyl alcohol (manufacture strong-acid process);Isopropyl alcohol (manufacturing-strong acid process only);Isopropyl alcohol (only persons who manufacture by the strong acid process are subject, supplier notification not required);Isopropyl alcohol, rubbing;Isopropylalkohol;LTBB002057;Lavacol;Lutosol;Petrohol;Propan-2-ol;Propol;Rubbing alcohol;Spectrar;Sterisol hand disinfectant;Takineocol;Visco 1152;a secondary alcohol;i-Propanol;i-Propyl alcohol;i-Propylalkohol;iso-propylalcohol;n-Propan-2-ol;nchem.180-comp6;nchem.651-comp3g;sec-Propanol;sec-Propyl alcohol;secondary alcohols</common:synonyms>
            <common:synonyms xml:lang="de">Iso-propylalkohol;i-Propanol;i-Propylalkohol</common:synonyms>
            <common:synonyms xml:lang="fr">Alcool isopropylique</common:synonyms>
            <common:synonyms xml:lang="it">Alcool isopropilico</common:synonyms>
            <classificationInformation>
                <common:elementaryFlowCategorization>
                    <common:category level="0">Emissions</common:category>
                    <common:category level="1">Emissions to air</common:category>
                    <common:category level="2">Emissions to air, unspecified</common:category>
                </common:elementaryFlowCategorization>
            </classificationInformation>
            <CASNumber>000067-63-0</CASNumber>
            <common:generalComment xml:lang="en">Reference elementary flow of the International Reference Life Cycle Data System (ILCD).</common:generalComment>
        </dataSetInformation>
        <quantitativeReference>
            <referenceToReferenceFlowProperty>0</referenceToReferenceFlowProperty>
        </quantitativeReference>
    </flowInformation>
    <modellingAndValidation>
        <LCIMethod>
            <typeOfDataSet>Elementary flow</typeOfDataSet>
        </LCIMethod>
        <complianceDeclarations>
            <compliance>
                <common:referenceToComplianceSystem type="source data set" refObjectId="9ba3ac1e-6797-4cc0-afd5-1b8f7bf28c6a" uri="../sources/9ba3ac1e-6797-4cc0-afd5-1b8f7bf28c6a.xml">
                    <common:shortDescription xml:lang="en">ILCD Data Network - compliance (non-Process)</common:shortDescription>
                </common:referenceToComplianceSystem>
                <common:approvalOfOverallCompliance>Fully compliant</common:approvalOfOverallCompliance>
            </compliance>
        </complianceDeclarations>
    </modellingAndValidation>
    <administrativeInformation>
        <dataEntryBy>
            <common:timeStamp>2012-01-12T15:51:36.598+01:00</common:timeStamp>
            <common:referenceToDataSetFormat type="source data set" refObjectId="a97a0155-0234-4b87-b4ce-a45da52f2a40" uri="../sources/a97a0155-0234-4b87-b4ce-a45da52f2a40.xml">
                <common:shortDescription xml:lang="en">ILCD format</common:shortDescription>
            </common:referenceToDataSetFormat>
        </dataEntryBy>
        <publicationAndOwnership>
            <common:dataSetVersion>03.00.000</common:dataSetVersion>
            <common:permanentDataSetURI>http://lca.jrc.ec.europa.eu/lcainfohub/datasets/ilcd/flows/fe0acd60-3ddc-11dd-a843-0050c2490048.xml</common:permanentDataSetURI>
        </publicationAndOwnership>
    </administrativeInformation>
    <flowProperties>
        <flowProperty dataSetInternalID="0">
            <referenceToFlowPropertyDataSet type="flow property data set" refObjectId="93a60a56-a3c8-11da-a746-0800200b9a66" uri="../flowproperties/93a60a56-a3c8-11da-a746-0800200b9a66.xml">
                <common:shortDescription xml:lang="en">Mass</common:shortDescription>
            </referenceToFlowPropertyDataSet>
            <meanValue>1.0</meanValue>
        </flowProperty>
    </flowProperties>
</flowDataSet>
