<?xml version="1.0" encoding="UTF-8" standalone="yes"?><?xml-stylesheet type='text/xsl' href='../../stylesheets/flow2html.xsl'?>
<flowDataSet xmlns:common="http://lca.jrc.it/ILCD/Common" xmlns="http://lca.jrc.it/ILCD/Flow" xmlns:xsi="http://www.w3.org/2001/XMLSchema-instance" version="1.1" xsi:schemaLocation="http://lca.jrc.it/ILCD/Flow ../../schemas/ILCD_FlowDataSet.xsd">
    <flowInformation>
        <dataSetInformation>
            <common:UUID>fe0acd60-3ddc-11dd-aab3-0050c2490048</common:UUID>
            <name>
                <baseName xml:lang="en">hydrogen fluoride</baseName>
            </name>
            <common:synonyms xml:lang="en">(18f)hydrogen fluoride;(3h)hydrogen fluoride;9F;AC1L24SO;AC1Q4HET;Acide fluorhydrique;Acido fluorhidrico;Acido fluoridrico;Antisal 2B;FLO;FLUORO GROUP;Fluorhydric acid;Fluorowodor;Fluorure d'hydrogene anhydre;Fluoruro de hidrogeno anhidro;Fluorwasserstoff;Fluorwaterstof;HYDROFLUORIC ACID;HYDROFLUORIC ACID, ACS;Hydrofluoride;Hydrogen fluoride (HF);Hydrogenfluorid;KST-1A1344;KST-1A1444;PC4826;Rubigine;[HF];fluorane;fluoridohydrogen;fluorum;fluorure d'hydrogene;hydrogen fluorid</common:synonyms>
            <common:synonyms xml:lang="de">Fluorwasserstoff</common:synonyms>
            <common:synonyms xml:lang="fr">Acide fluorhydrique;Fluorure d'hydrogene anhydre</common:synonyms>
            <common:synonyms xml:lang="it">Acido fluoridrico</common:synonyms>
            <common:synonyms xml:lang="nl">Fluorwaterstof</common:synonyms>
            <common:synonyms xml:lang="pl">Fluorowodor</common:synonyms>
            <common:synonyms xml:lang="es">Fluoruro de hidrogeno anhidro</common:synonyms>
            <classificationInformation>
                <common:elementaryFlowCategorization>
                    <common:category level="0">Emissions</common:category>
                    <common:category level="1">Emissions to water</common:category>
                    <common:category level="2">Emissions to fresh water</common:category>
                </common:elementaryFlowCategorization>
            </classificationInformation>
            <CASNumber>007664-39-3</CASNumber>
            <common:generalComment xml:lang="en">Reference elementary flow of the International Reference Life Cycle Data System (ILCD).</common:generalComment>
        </dataSetInformation>
        <quantitativeReference>
            <referenceToReferenceFlowProperty>0</referenceToReferenceFlowProperty>
        </quantitativeReference>
    </flowInformation>
    <modellingAndValidation>
        <LCIMethod>
            <typeOfDataSet>Elementary flow</typeOfDataSet>
        </LCIMethod>
        <complianceDeclarations>
            <compliance>
                <common:referenceToComplianceSystem type="source data set" refObjectId="9ba3ac1e-6797-4cc0-afd5-1b8f7bf28c6a" uri="../sources/9ba3ac1e-6797-4cc0-afd5-1b8f7bf28c6a.xml">
                    <common:shortDescription xml:lang="en">ILCD Data Network - compliance (non-Process)</common:shortDescription>
                </common:referenceToComplianceSystem>
                <common:approvalOfOverallCompliance>Fully compliant</common:approvalOfOverallCompliance>
            </compliance>
        </complianceDeclarations>
    </modellingAndValidation>
    <administrativeInformation>
        <dataEntryBy>
            <common:timeStamp>2012-01-12T15:51:35.633+01:00</common:timeStamp>
            <common:referenceToDataSetFormat type="source data set" refObjectId="a97a0155-0234-4b87-b4ce-a45da52f2a40" uri="../sources/a97a0155-0234-4b87-b4ce-a45da52f2a40.xml">
                <common:shortDescription xml:lang="en">ILCD format</common:shortDescription>
            </common:referenceToDataSetFormat>
        </dataEntryBy>
        <publicationAndOwnership>
            <common:dataSetVersion>03.00.000</common:dataSetVersion>
            <common:permanentDataSetURI>http://lca.jrc.ec.europa.eu/lcainfohub/datasets/ilcd/flows/fe0acd60-3ddc-11dd-aab3-0050c2490048.xml</common:permanentDataSetURI>
        </publicationAndOwnership>
    </administrativeInformation>
    <flowProperties>
        <flowProperty dataSetInternalID="0">
            <referenceToFlowPropertyDataSet type="flow property data set" refObjectId="93a60a56-a3c8-11da-a746-0800200b9a66" uri="../flowproperties/93a60a56-a3c8-11da-a746-0800200b9a66.xml">
                <common:shortDescription xml:lang="en">Mass</common:shortDescription>
            </referenceToFlowPropertyDataSet>
            <meanValue>1.0</meanValue>
        </flowProperty>
    </flowProperties>
</flowDataSet>
