<?xml version="1.0" encoding="UTF-8" standalone="yes"?><?xml-stylesheet type='text/xsl' href='../../stylesheets/flow2html.xsl'?>
<flowDataSet xmlns:common="http://lca.jrc.it/ILCD/Common" xmlns="http://lca.jrc.it/ILCD/Flow" xmlns:xsi="http://www.w3.org/2001/XMLSchema-instance" version="1.1" xsi:schemaLocation="http://lca.jrc.it/ILCD/Flow ../../schemas/ILCD_FlowDataSet.xsd">
    <flowInformation>
        <dataSetInformation>
            <common:UUID>fe0acd60-3ddc-11dd-a749-0050c2490048</common:UUID>
            <name>
                <baseName xml:lang="en">1,2-dichloroethane</baseName>
            </name>
            <common:synonyms xml:lang="en">.alpha.,.beta.-Dichloroethane;1,2-Bichloroethane;1,2-DCE;1,2-DICHLOROETHANE, ACS;1,2-Dichloorethaan;1,2-Dichlor-aethan;1,2-Dichloraethan;1,2-Dichlorethane;1,2-Dicloroetano;1,2-Ethylene dichloride;1,2-Ethylidene dichloride;12-DICHLOROETHANE;2-Dichloroethane;300059X;AC1L189Y;AC1Q3UNO;AC1Q3UNP;AKOS000120021;Aethylenchlorid;Aethylendichlorid;Bichlorure D'ethylene;Borer sol;Brocide;Chlorure D'ethylene;Cloruro di ethene;DCE;DICHLOROETHANE;Destruxol borer-sol;Di-chlor-mulsion;Dichlor-Mulsion;Dichloremulsion;Dichloro-1,2-ethane;Dichloroethane, 1,2-;Dichloroethylene;Dichlorure d'ethylene;Dichlorure d'ethylene [ISO-French];Dutch liquid;Dutch oil;EDC;EDC (halocarbon);ENT 1,656;Ethane dichloride;Ethane, 1,2-dichloro-;Ethyleendichloride;Ethylene chloride;Ethylene dichloride;Ethylene dichloride [BSI:ISO];Freon 150;Glycol dichloride;HCC 150;I14-7134;NCI-C00511;RY Dichloro-1,2-ethane;Rcra waste number U077;SBB040805;alpha, beta-dichloroethane;alpha,beta-Dichloroethane;destruxol borer- sol;ethylene dichloride, 14C-labeled;ethylene dichloride, 14C2-labeled;ethylene dichloride, 36Cl-labeled;ethylene dichloride, 38Cl-labeled;ethylene dichloride, ion (1+);nchembio.205-comp5;sym-Dichloroethane</common:synonyms>
            <common:synonyms xml:lang="de">1,2-Dichlor-äthan;Äthylenchlorid</common:synonyms>
            <common:synonyms xml:lang="fr">Bichlorure d'ethylene;Chlorure d'ethylene;Dichloro-1,2-ethane</common:synonyms>
            <common:synonyms xml:lang="it">1,2-Dicloroetano;Cloruro di ethene</common:synonyms>
            <common:synonyms xml:lang="nl">1,2-Dichloorethaan;Ethyleendichloride</common:synonyms>
            <classificationInformation>
                <common:elementaryFlowCategorization>
                    <common:category level="0">Emissions</common:category>
                    <common:category level="1">Emissions to water</common:category>
                    <common:category level="2">Emissions to fresh water</common:category>
                </common:elementaryFlowCategorization>
            </classificationInformation>
            <CASNumber>000107-06-2</CASNumber>
            <common:generalComment xml:lang="en">Reference elementary flow of the International Reference Life Cycle Data System (ILCD).</common:generalComment>
        </dataSetInformation>
        <quantitativeReference>
            <referenceToReferenceFlowProperty>0</referenceToReferenceFlowProperty>
        </quantitativeReference>
    </flowInformation>
    <modellingAndValidation>
        <LCIMethod>
            <typeOfDataSet>Elementary flow</typeOfDataSet>
        </LCIMethod>
        <complianceDeclarations>
            <compliance>
                <common:referenceToComplianceSystem type="source data set" refObjectId="9ba3ac1e-6797-4cc0-afd5-1b8f7bf28c6a" uri="../sources/9ba3ac1e-6797-4cc0-afd5-1b8f7bf28c6a.xml">
                    <common:shortDescription xml:lang="en">ILCD Data Network - compliance (non-Process)</common:shortDescription>
                </common:referenceToComplianceSystem>
                <common:approvalOfOverallCompliance>Fully compliant</common:approvalOfOverallCompliance>
            </compliance>
        </complianceDeclarations>
    </modellingAndValidation>
    <administrativeInformation>
        <dataEntryBy>
            <common:timeStamp>2012-01-12T15:51:10.215+01:00</common:timeStamp>
            <common:referenceToDataSetFormat type="source data set" refObjectId="a97a0155-0234-4b87-b4ce-a45da52f2a40" uri="../sources/a97a0155-0234-4b87-b4ce-a45da52f2a40.xml">
                <common:shortDescription xml:lang="en">ILCD format</common:shortDescription>
            </common:referenceToDataSetFormat>
        </dataEntryBy>
        <publicationAndOwnership>
            <common:dataSetVersion>03.00.000</common:dataSetVersion>
            <common:permanentDataSetURI>http://lca.jrc.ec.europa.eu/lcainfohub/datasets/ilcd/flows/fe0acd60-3ddc-11dd-a749-0050c2490048.xml</common:permanentDataSetURI>
        </publicationAndOwnership>
    </administrativeInformation>
    <flowProperties>
        <flowProperty dataSetInternalID="0">
            <referenceToFlowPropertyDataSet type="flow property data set" refObjectId="93a60a56-a3c8-11da-a746-0800200b9a66" uri="../flowproperties/93a60a56-a3c8-11da-a746-0800200b9a66.xml">
                <common:shortDescription xml:lang="en">Mass</common:shortDescription>
            </referenceToFlowPropertyDataSet>
            <meanValue>1.0</meanValue>
        </flowProperty>
    </flowProperties>
</flowDataSet>
