<?xml version="1.0" encoding="UTF-8" standalone="yes"?><?xml-stylesheet type='text/xsl' href='../../stylesheets/flow2html.xsl'?>
<flowDataSet xmlns:common="http://lca.jrc.it/ILCD/Common" xmlns="http://lca.jrc.it/ILCD/Flow" xmlns:xsi="http://www.w3.org/2001/XMLSchema-instance" version="1.1" xsi:schemaLocation="http://lca.jrc.it/ILCD/Flow ../../schemas/ILCD_FlowDataSet.xsd">
    <flowInformation>
        <dataSetInformation>
            <common:UUID>fe0acd60-3ddc-11dd-aa59-0050c2490048</common:UUID>
            <name>
                <baseName xml:lang="en">pentachlorophenol</baseName>
            </name>
            <common:synonyms xml:lang="en">1-Hydroxy-2,3,4,5,6-pentachlorobenzene;1-Hydroxypentachlorobenzene;1y4z;2,3,4,5,6-Pentachlorophenol;2,3,4,5,6-Pentachlorophenol (Dowicide EC-7);2,3,4,5,6-Pentachlorophenol, technical grade;AC-11105;AC1L1AHN;AC1Q2AJG;AC1Q78BF;AD 73;AKOS001075639;CM 613;CP 1309;Chem-Penta;Chem-Tol;Chlon;Chlorophen;Dow pentachlorophenol DP-2 antimicrobial;Dowcide 7;Dowicide 7;Dowicide 7 Antimicrobial;Dowicide EC-7;Dura Treet II;Dura-Treet;Durotox;EP 30;EP 30 (pesticide);Forepen;Forpen-50 Wood Preservative;Fungifen;Glazd penta;Grundier arbezol;Lauxtol;Lauxtol A;Liroprem;MB 333;NCI-C54933;NCI-C55378;NCI-C55389;NCI-C56655;NCI60_003902;Ontrack WE Herbicide;Ortho Triox Liquid Vegetation Killer;Osmoplastic;Osmose Wood Preserving Compound;Oz-88;P0033;PCP (pesticide);PENTA;Penchlorol;Penta Concentrate;Penta ready;Penta wr;Penta-Kil;Pentachloorfenol;Pentachlorofenol;Pentachlorophenate;Pentachlorophenate, Sodium;Pentachlorophenol [BSI:ISO];Pentachlorophenol [Polychlorophenols and their sodium salts];Pentachlorophenol pure;Pentachlorophenol, dowicide ec-7;Pentachlorophenol, dp-2;Pentachlorophenol, purified;Pentachlorophenol, technical;Pentachlorphenol;Pentaclorofenolo;Pentacon;Penwar;Peratox;Permacide;Permagard;Permasan;Permatox;Permatox DP-2;Permatox penta;Permite;Phenol, 2,3,4,5,6-pentachloro-;Phenol, pentachloro-;Phenol, pentachloro-, pure;Pol Nu;Pol-NU;Pole topper fluid;Preventol P;Priltox;QTL1_000066;Rcra waste number U242;SGCUT00104;SMR000471858;Santobrite;Santophen 20;Sinituho;Sodium pentachlorophenate;SpecPlus_000514;TRANSGENIC LECM (PENTACHLOROPHENOL) (SEE ALSOPENTACHLOROPHENOL);Term-i-trol;Thompson's wood fix;Watershed Wood Preservative;Weed and Brush Killer;Witophen P;Woodtreat A;cryptogil oil;lauxt ol;pentachloro(1-14c)phenol;pentachloro-Phenol;pentachlorophenol dp-2;to_000075</common:synonyms>
            <common:synonyms xml:lang="de">Pentachlorphenol</common:synonyms>
            <common:synonyms xml:lang="it">Pentaclorofenolo</common:synonyms>
            <common:synonyms xml:lang="nl">Pentachloorfenol</common:synonyms>
            <classificationInformation>
                <common:elementaryFlowCategorization>
                    <common:category level="0">Emissions</common:category>
                    <common:category level="1">Emissions to water</common:category>
                    <common:category level="2">Emissions to fresh water</common:category>
                </common:elementaryFlowCategorization>
            </classificationInformation>
            <CASNumber>000087-86-5</CASNumber>
            <common:generalComment xml:lang="en">Reference elementary flow of the International Reference Life Cycle Data System (ILCD).</common:generalComment>
        </dataSetInformation>
        <quantitativeReference>
            <referenceToReferenceFlowProperty>0</referenceToReferenceFlowProperty>
        </quantitativeReference>
    </flowInformation>
    <modellingAndValidation>
        <LCIMethod>
            <typeOfDataSet>Elementary flow</typeOfDataSet>
        </LCIMethod>
        <complianceDeclarations>
            <compliance>
                <common:referenceToComplianceSystem type="source data set" refObjectId="9ba3ac1e-6797-4cc0-afd5-1b8f7bf28c6a" uri="../sources/9ba3ac1e-6797-4cc0-afd5-1b8f7bf28c6a.xml">
                    <common:shortDescription xml:lang="en">ILCD Data Network - compliance (non-Process)</common:shortDescription>
                </common:referenceToComplianceSystem>
                <common:approvalOfOverallCompliance>Fully compliant</common:approvalOfOverallCompliance>
            </compliance>
        </complianceDeclarations>
    </modellingAndValidation>
    <administrativeInformation>
        <dataEntryBy>
            <common:timeStamp>2012-01-12T15:51:42.479+01:00</common:timeStamp>
            <common:referenceToDataSetFormat type="source data set" refObjectId="a97a0155-0234-4b87-b4ce-a45da52f2a40" uri="../sources/a97a0155-0234-4b87-b4ce-a45da52f2a40.xml">
                <common:shortDescription xml:lang="en">ILCD format</common:shortDescription>
            </common:referenceToDataSetFormat>
        </dataEntryBy>
        <publicationAndOwnership>
            <common:dataSetVersion>03.00.000</common:dataSetVersion>
            <common:permanentDataSetURI>http://lca.jrc.ec.europa.eu/lcainfohub/datasets/ilcd/flows/fe0acd60-3ddc-11dd-aa59-0050c2490048.xml</common:permanentDataSetURI>
        </publicationAndOwnership>
    </administrativeInformation>
    <flowProperties>
        <flowProperty dataSetInternalID="0">
            <referenceToFlowPropertyDataSet type="flow property data set" refObjectId="93a60a56-a3c8-11da-a746-0800200b9a66" uri="../flowproperties/93a60a56-a3c8-11da-a746-0800200b9a66.xml">
                <common:shortDescription xml:lang="en">Mass</common:shortDescription>
            </referenceToFlowPropertyDataSet>
            <meanValue>1.0</meanValue>
        </flowProperty>
    </flowProperties>
</flowDataSet>
