<?xml version="1.0" encoding="UTF-8" standalone="yes"?><?xml-stylesheet type='text/xsl' href='../../stylesheets/flow2html.xsl'?>
<flowDataSet xmlns:common="http://lca.jrc.it/ILCD/Common" xmlns="http://lca.jrc.it/ILCD/Flow" xmlns:xsi="http://www.w3.org/2001/XMLSchema-instance" version="1.1" xsi:schemaLocation="http://lca.jrc.it/ILCD/Flow ../../schemas/ILCD_FlowDataSet.xsd">
    <flowInformation>
        <dataSetInformation>
            <common:UUID>fe0acd60-3ddc-11dd-a940-0050c2490048</common:UUID>
            <name>
                <baseName xml:lang="en">methomyl</baseName>
            </name>
            <common:synonyms xml:lang="en">(1-methylsulfanylethylideneamino) N-methylcarbamate;1-(Methylthio)acetaldehyde O-methylcarbamoyloxime;1-(Methylthio)ethylideneamino methylcarbamate;2-Methylthio-acetaldehyd-O-(methylcarbamoyl)-oxim;2-Methylthio-propionaldehyd-O-(methylcarbamoyl)-oxim;20, Lannate;3-Thiabutan-2-one, O-(methylcarbamoyl)oxime;AC1NS4JH;AC1Q68LZ;Acetimidic acid, N-((methylcarbamoyl)oxy)thio-, methyl ester;Acetimidic acid, N-((methylcarbamoyl)oxy)thio-, methyl ester (8CI);Acetimidic acid, thio-N-((methylcarbamoyl)oxy)-, methyl ester;Acetimidothioic acid, methyl-, N-(methylcarbamoyl) ester;Du Pont insecticide 1179;Dupont 1179;ENT 27,341;Ethanimidothioic acid, N-(((methylamino)carbonyl)oxy)-, methyl ester;Ethanimidothioic acid, N-(((methylamino)carbonyl)oxy)-, methyl ester (9CI);Ethanimidothioic acid, N-[[(methylamino)carbonyl]oxy]-, methyl ester;I14-12032;IN 1179;Insecticide 1,179;Lannate;Lannate 20;Lannate L;Lannate LV;Lanox 216;Lanox 90;Mesomile;Methomex;Methomyl (lannate);Methomyl [ANSI:BSI:ISO];Methomyl lannate;Methyl N-(((methylamino)carbonyl)oxy)ethanimidothioate;Methyl N-((methylcarbamoyl)oxy)thioacetimidate;Methyl O-(methylcarbamoyl)thiolacetohydroxamate;Methyl O-(methylcarbamyl)thiolacetohydroxamate;Metomil;N-(((Methylamino)carbonyl)oxy)ethanimidothioic acid methyl ester;N-((Methylcarbamoyl)oxy)thioacetimidic acid methyl ester;Nu-bait ii;Nudrin;Rcra waste number P066;S-Methyl N-(methylcarbamoyloxy)thioacetimidate;SD 14999;UHXUZOCRWCRNSJ-QPJJXVBHSA-;WL 18236;methyl (1E)-N-(methylcarbamoyloxy)ethanimidothioate;methyl (1E)-N-{[(methylamino)carbonyl]oxy}ethanimidothioate;methyl N-(methylcarbamoyloxy)ethanimidothioate;methyl n-[(methylcarbamoyl)oxy]ethanimidothioate</common:synonyms>
            <common:synonyms xml:lang="de">2-Methylthio-acetaldehyd-O-(methylcarbamoyl)-oxim;2-Methylthio-propionaldehyd-O-(methylcarbamoyl)-oxim</common:synonyms>
            <common:synonyms xml:lang="it">Metomil</common:synonyms>
            <classificationInformation>
                <common:elementaryFlowCategorization>
                    <common:category level="0">Emissions</common:category>
                    <common:category level="1">Emissions to air</common:category>
                    <common:category level="2">Emissions to air, unspecified</common:category>
                </common:elementaryFlowCategorization>
            </classificationInformation>
            <CASNumber>016752-77-5</CASNumber>
            <common:generalComment xml:lang="en">Reference elementary flow of the International Reference Life Cycle Data System (ILCD).</common:generalComment>
        </dataSetInformation>
        <quantitativeReference>
            <referenceToReferenceFlowProperty>0</referenceToReferenceFlowProperty>
        </quantitativeReference>
    </flowInformation>
    <modellingAndValidation>
        <LCIMethod>
            <typeOfDataSet>Elementary flow</typeOfDataSet>
        </LCIMethod>
        <complianceDeclarations>
            <compliance>
                <common:referenceToComplianceSystem type="source data set" refObjectId="9ba3ac1e-6797-4cc0-afd5-1b8f7bf28c6a" uri="../sources/9ba3ac1e-6797-4cc0-afd5-1b8f7bf28c6a.xml">
                    <common:shortDescription xml:lang="en">ILCD Data Network - compliance (non-Process)</common:shortDescription>
                </common:referenceToComplianceSystem>
                <common:approvalOfOverallCompliance>Fully compliant</common:approvalOfOverallCompliance>
            </compliance>
        </complianceDeclarations>
    </modellingAndValidation>
    <administrativeInformation>
        <dataEntryBy>
            <common:timeStamp>2012-01-12T15:51:38.399+01:00</common:timeStamp>
            <common:referenceToDataSetFormat type="source data set" refObjectId="a97a0155-0234-4b87-b4ce-a45da52f2a40" uri="../sources/a97a0155-0234-4b87-b4ce-a45da52f2a40.xml">
                <common:shortDescription xml:lang="en">ILCD format</common:shortDescription>
            </common:referenceToDataSetFormat>
        </dataEntryBy>
        <publicationAndOwnership>
            <common:dataSetVersion>03.00.000</common:dataSetVersion>
            <common:permanentDataSetURI>http://lca.jrc.ec.europa.eu/lcainfohub/datasets/ilcd/flows/fe0acd60-3ddc-11dd-a940-0050c2490048.xml</common:permanentDataSetURI>
        </publicationAndOwnership>
    </administrativeInformation>
    <flowProperties>
        <flowProperty dataSetInternalID="0">
            <referenceToFlowPropertyDataSet type="flow property data set" refObjectId="93a60a56-a3c8-11da-a746-0800200b9a66" uri="../flowproperties/93a60a56-a3c8-11da-a746-0800200b9a66.xml">
                <common:shortDescription xml:lang="en">Mass</common:shortDescription>
            </referenceToFlowPropertyDataSet>
            <meanValue>1.0</meanValue>
        </flowProperty>
    </flowProperties>
</flowDataSet>
