<?xml version="1.0" encoding="UTF-8" standalone="yes"?><?xml-stylesheet type='text/xsl' href='../../stylesheets/flow2html.xsl'?>
<flowDataSet xmlns:common="http://lca.jrc.it/ILCD/Common" xmlns="http://lca.jrc.it/ILCD/Flow" xmlns:xsi="http://www.w3.org/2001/XMLSchema-instance" version="1.1" xsi:schemaLocation="http://lca.jrc.it/ILCD/Flow ../../schemas/ILCD_FlowDataSet.xsd">
    <flowInformation>
        <dataSetInformation>
            <common:UUID>fe0acd60-3ddc-11dd-9fcf-0050c2490048</common:UUID>
            <name>
                <baseName xml:lang="en">caprolactam</baseName>
            </name>
            <common:synonyms xml:lang="en">.epsilon.-Caprolactam;.omega.-Caprolactam;1,6-Hexalactam;1,6-Hexolactam;1-Aza-2-cycloheptanone;2-Azacycloheptanone;2-Azepanone;2-Azepinone, hexahydro-, (Z)-;2-Ketohexamethyleneimine;2-Ketohexamethylenimine;2-Oxohexamethyleneimine;2-Oxohexamethylenimine;2-Perhydroazepinone;2H-Azepin-2-one, hexahydro-;2H-Azepin-2-one, hexahydro-, homopolymer;2H-Azepin-2-one, hexahydro-, polyamides;2H-Azepin-7-one, hexahydro-;2H-azepin-7-one,hexahydro;6- amino-hexanoic acid lactam;6-Aminocaproic acid lactam;6-Aminohexanoic acid cyclic lactam;6-Caprolactam;6-Hexanelactam;6-amino-hexanoic acid lactam;AB1002538;AC1L1PI6;AKOS000119969;Aminocaproic lactam;Aza-2-cycloheptanone;BBL002914;BB_SC-6656;CM3900000;CPD-883;Caprolactam dust and vapor;Caprolactam monomer;Caprolattame;Capron PK4;Cyclohexanone iso-oxime;Cyclohexanoneisooxime;E-Caprolactam;E-caprolactum;Epsylon kaprolaktam;Extrom 6N;HEXANOIC ACID,6-AMINO,LACTAM   E-CAPROLACTAM;Hexahydro-2-azepinone;Hexahydro-2H-azepin-2-one;Hexahydro-2H-azepin-2-one (9CI);Hexamethylenimine, 2-oxo-;Hexanoic acid, 6-amino-, cyclic lactam;Hexanoic acid, 6-amino-, lactam;Hexanolactam;Hexanone isoxime;Hexanonisoxim;I14-2683;ICC;Jsp000525;Kaprolaktam;Kapromine;NCI-C50646;Perhydroazepin-2-one;Stilon;U-Caprolactam;azepan-2-one;cis-Hexahydro-2-azepinone;e-Kaprolaktam;epsilon-Caprolactam;gamma-caprolactam;hexannic  acid;hexannic acid;hexanoic acid-6-amino-,lactam;hexanoic acid-6-amino-lactam;omega-caprolactum</common:synonyms>
            <common:synonyms xml:lang="de">Hexanonisoxim</common:synonyms>
            <common:synonyms xml:lang="cs">e-Kaprolaktam</common:synonyms>
            <common:synonyms xml:lang="fr">Caprolattame</common:synonyms>
            <common:synonyms xml:lang="pl">Epsylon kaprolaktam</common:synonyms>
            <classificationInformation>
                <common:elementaryFlowCategorization>
                    <common:category level="0">Emissions</common:category>
                    <common:category level="1">Emissions to air</common:category>
                    <common:category level="2">Emissions to air, unspecified</common:category>
                </common:elementaryFlowCategorization>
            </classificationInformation>
            <CASNumber>000105-60-2</CASNumber>
            <common:generalComment xml:lang="en">Reference elementary flow of the International Reference Life Cycle Data System (ILCD).</common:generalComment>
        </dataSetInformation>
        <quantitativeReference>
            <referenceToReferenceFlowProperty>0</referenceToReferenceFlowProperty>
        </quantitativeReference>
    </flowInformation>
    <modellingAndValidation>
        <LCIMethod>
            <typeOfDataSet>Elementary flow</typeOfDataSet>
        </LCIMethod>
        <complianceDeclarations>
            <compliance>
                <common:referenceToComplianceSystem type="source data set" refObjectId="9ba3ac1e-6797-4cc0-afd5-1b8f7bf28c6a" uri="../sources/9ba3ac1e-6797-4cc0-afd5-1b8f7bf28c6a.xml">
                    <common:shortDescription xml:lang="en">ILCD Data Network - compliance (non-Process)</common:shortDescription>
                </common:referenceToComplianceSystem>
                <common:approvalOfOverallCompliance>Fully compliant</common:approvalOfOverallCompliance>
            </compliance>
        </complianceDeclarations>
    </modellingAndValidation>
    <administrativeInformation>
        <dataEntryBy>
            <common:timeStamp>2012-01-12T15:51:24.408+01:00</common:timeStamp>
            <common:referenceToDataSetFormat type="source data set" refObjectId="a97a0155-0234-4b87-b4ce-a45da52f2a40" uri="../sources/a97a0155-0234-4b87-b4ce-a45da52f2a40.xml">
                <common:shortDescription xml:lang="en">ILCD format</common:shortDescription>
            </common:referenceToDataSetFormat>
        </dataEntryBy>
        <publicationAndOwnership>
            <common:dataSetVersion>03.00.000</common:dataSetVersion>
            <common:permanentDataSetURI>http://lca.jrc.ec.europa.eu/lcainfohub/datasets/ilcd/flows/fe0acd60-3ddc-11dd-9fcf-0050c2490048.xml</common:permanentDataSetURI>
        </publicationAndOwnership>
    </administrativeInformation>
    <flowProperties>
        <flowProperty dataSetInternalID="0">
            <referenceToFlowPropertyDataSet type="flow property data set" refObjectId="93a60a56-a3c8-11da-a746-0800200b9a66" uri="../flowproperties/93a60a56-a3c8-11da-a746-0800200b9a66.xml">
                <common:shortDescription xml:lang="en">Mass</common:shortDescription>
            </referenceToFlowPropertyDataSet>
            <meanValue>1.0</meanValue>
        </flowProperty>
    </flowProperties>
</flowDataSet>
