<?xml version="1.0" encoding="UTF-8" standalone="yes"?><?xml-stylesheet type='text/xsl' href='../../stylesheets/flow2html.xsl'?>
<flowDataSet xmlns:common="http://lca.jrc.it/ILCD/Common" xmlns="http://lca.jrc.it/ILCD/Flow" xmlns:xsi="http://www.w3.org/2001/XMLSchema-instance" version="1.1" xsi:schemaLocation="http://lca.jrc.it/ILCD/Flow ../../schemas/ILCD_FlowDataSet.xsd">
    <flowInformation>
        <dataSetInformation>
            <common:UUID>fe0acd60-3ddc-11dd-a732-0050c2490048</common:UUID>
            <name>
                <baseName xml:lang="en">aluminium</baseName>
            </name>
            <common:synonyms xml:lang="en">13Al;A 00;A 95;A 99;A 995;A 999;A999;A999V;AA 1099;AA1199;AC1NSDXQ;AD 1;AD1M;ALUMINUM;ALUMINUM, ATOMIZED;AO A1;AO Al;AQUANAL(R)-plus aluminum (Al) 0.02-0.2 mg/L;AQUANAL-plus aluminum (Al) 0.02-0.2 mg/L;AV00;AV000;Aa1193;Adom;Al;Al alloy;Al(0);Allbri aluminum paste and powder;Alumina fibre;Aluminium bronze;Aluminium flake;Aluminium, elementar;Aluminum (dust or fume);Aluminum (fume or dust);Aluminum (metal);Aluminum 27;Aluminum A00;Aluminum alloy;Aluminum dehydrated;Aluminum dust;Aluminum metal;Aluminum metal, alkyls;Aluminum metal, pyro powders;Aluminum metal, respirable fraction;Aluminum metal, soluble salts;Aluminum metal, total dust;Aluminum metal, welding fumes;Aluminum powder;Aluminum production;Aluminum pyro powders;Aluminum soluble salts;Aluminum welding fumes;Aluminum, elemental;Aluminum, molten [NA9260]  [Class 9];Aluminum, molten [NA9260] [Class 9];Aluminum, pyro powders;Aluminum, pyro powders/welding fumes;Aluminum, soluble salts;Aluminum, welding fumes;C-Pigment 1;C.I. 77000;CI 77000;Emanay atomized aluminum powder;JISC 3108;JISC 3110;L16;Metana;Metana aluminum paste;NA9260;Noral Extra Fine Lining Grade;Noral Ink Grade Aluminum;Noral aluminium;Noral aluminum;Noral ink grade aluminium;Noral non-leafing grade;PAP-1;Pigment metal 1;aluminio;aluminium(0)</common:synonyms>
            <common:synonyms xml:lang="de">Alaun;C-Pigment 1</common:synonyms>
            <classificationInformation>
                <common:elementaryFlowCategorization>
                    <common:category level="0">Emissions</common:category>
                    <common:category level="1">Emissions to water</common:category>
                    <common:category level="2">Emissions to fresh water</common:category>
                </common:elementaryFlowCategorization>
            </classificationInformation>
            <CASNumber>007429-90-5</CASNumber>
            <common:generalComment xml:lang="en">Reference elementary flow of the International Reference Life Cycle Data System (ILCD).</common:generalComment>
        </dataSetInformation>
        <quantitativeReference>
            <referenceToReferenceFlowProperty>0</referenceToReferenceFlowProperty>
        </quantitativeReference>
    </flowInformation>
    <modellingAndValidation>
        <LCIMethod>
            <typeOfDataSet>Elementary flow</typeOfDataSet>
        </LCIMethod>
        <complianceDeclarations>
            <compliance>
                <common:referenceToComplianceSystem type="source data set" refObjectId="9ba3ac1e-6797-4cc0-afd5-1b8f7bf28c6a" uri="../sources/9ba3ac1e-6797-4cc0-afd5-1b8f7bf28c6a.xml">
                    <common:shortDescription xml:lang="en">ILCD Data Network - compliance (non-Process)</common:shortDescription>
                </common:referenceToComplianceSystem>
                <common:approvalOfOverallCompliance>Fully compliant</common:approvalOfOverallCompliance>
            </compliance>
        </complianceDeclarations>
    </modellingAndValidation>
    <administrativeInformation>
        <dataEntryBy>
            <common:timeStamp>2012-01-12T15:51:20.485+01:00</common:timeStamp>
            <common:referenceToDataSetFormat type="source data set" refObjectId="a97a0155-0234-4b87-b4ce-a45da52f2a40" uri="../sources/a97a0155-0234-4b87-b4ce-a45da52f2a40.xml">
                <common:shortDescription xml:lang="en">ILCD format</common:shortDescription>
            </common:referenceToDataSetFormat>
        </dataEntryBy>
        <publicationAndOwnership>
            <common:dataSetVersion>03.00.000</common:dataSetVersion>
            <common:permanentDataSetURI>http://lca.jrc.ec.europa.eu/lcainfohub/datasets/ilcd/flows/fe0acd60-3ddc-11dd-a732-0050c2490048.xml</common:permanentDataSetURI>
        </publicationAndOwnership>
    </administrativeInformation>
    <flowProperties>
        <flowProperty dataSetInternalID="0">
            <referenceToFlowPropertyDataSet type="flow property data set" refObjectId="93a60a56-a3c8-11da-a746-0800200b9a66" uri="../flowproperties/93a60a56-a3c8-11da-a746-0800200b9a66.xml">
                <common:shortDescription xml:lang="en">Mass</common:shortDescription>
            </referenceToFlowPropertyDataSet>
            <meanValue>1.0</meanValue>
        </flowProperty>
    </flowProperties>
</flowDataSet>
