<?xml version="1.0" encoding="UTF-8" standalone="yes"?><?xml-stylesheet type='text/xsl' href='../../stylesheets/flow2html.xsl'?>
<flowDataSet xmlns:common="http://lca.jrc.it/ILCD/Common" xmlns="http://lca.jrc.it/ILCD/Flow" xmlns:xsi="http://www.w3.org/2001/XMLSchema-instance" version="1.1" xsi:schemaLocation="http://lca.jrc.it/ILCD/Flow ../../schemas/ILCD_FlowDataSet.xsd">
    <flowInformation>
        <dataSetInformation>
            <common:UUID>fe0acd60-3ddc-11dd-a9a5-0050c2490048</common:UUID>
            <name>
                <baseName xml:lang="en">methyl methacrylate</baseName>
            </name>
            <common:synonyms xml:lang="en">2-(Methoxycarbonyl)-1-propene;2-Methyl-2-propenoic acid methyl ester;2-Methylacrylic acid, methyl ester;2-Propenoic acid, 2-methyl- methyl ester;2-Propenoic acid, 2-methyl-, methyl ester;2-methylacrylic acid methyl ester;A, Kallocryl;AC1L1N0P;AKOS000120216;Acryester M;Acrylic acid, 2-methyl-, methyl ester;Bone Cement, Zimmer;Cement, Zimmer Bone;Cranioplast;Diakon;Eudragit;FT-0083169;I14-2750;Kallocryl;Kallocryl A;Metakrylan metylu;Metaplex;Methacrylate Methyl Monomer;Methacrylate de methyle;Methacrylic acid methyl ester;Methacrylic acid, methyl ester;Methacrylsaeuremethyl ester;Methyl .alpha.-methylacrylate;Methyl 2-methyl-2-propenoate;Methyl 2-methylacrylate;Methyl 2-methylpropenoate;Methyl Monomer, Methacrylate;Methyl Monomer, Methylmethacrylate;Methyl alpha-methylacrylate;Methyl methacrylate (MMA);Methyl methacrylate monomer;Methyl methacrylate monomer, inhibited;Methyl methylacrylate;Methyl-methacrylat;Methylester kyseliny methakrylove;Methylmethacrylaat;Methylmethacrylate;Methylmethacrylate Methyl Monomer;Metil metacrilato;Monomer, Methacrylate Methyl;Monomer, Methylmethacrylate Methyl;NCI-C50680;P, Simplex;PROPENOIC ACID,2-METHYL,METHYLESTER  (METHACRYLATE METHYLESTER);Pegalan;Rcra waste number U162;SBB060556;Simplex P;Sintex;TEB 3K;Zimmer Bone Cement;methyl 2-methylprop-2-enoate;monocite&quot; Methacrylate monomer</common:synonyms>
            <common:synonyms xml:lang="de">Methacrylsäuremethyl ester;Methyl-methacrylat</common:synonyms>
            <common:synonyms xml:lang="cs">Methylester kyseliny methakrylove</common:synonyms>
            <common:synonyms xml:lang="fr">Methacrylate de methyle</common:synonyms>
            <common:synonyms xml:lang="it">Metil metacrilato</common:synonyms>
            <common:synonyms xml:lang="nl">Methylmethacrylaat</common:synonyms>
            <common:synonyms xml:lang="pl">Metakrylan metylu</common:synonyms>
            <classificationInformation>
                <common:elementaryFlowCategorization>
                    <common:category level="0">Emissions</common:category>
                    <common:category level="1">Emissions to air</common:category>
                    <common:category level="2">Emissions to air, unspecified</common:category>
                </common:elementaryFlowCategorization>
            </classificationInformation>
            <CASNumber>000080-62-6</CASNumber>
            <common:generalComment xml:lang="en">Reference elementary flow of the International Reference Life Cycle Data System (ILCD).</common:generalComment>
        </dataSetInformation>
        <quantitativeReference>
            <referenceToReferenceFlowProperty>0</referenceToReferenceFlowProperty>
        </quantitativeReference>
    </flowInformation>
    <modellingAndValidation>
        <LCIMethod>
            <typeOfDataSet>Elementary flow</typeOfDataSet>
        </LCIMethod>
        <complianceDeclarations>
            <compliance>
                <common:referenceToComplianceSystem type="source data set" refObjectId="9ba3ac1e-6797-4cc0-afd5-1b8f7bf28c6a" uri="../sources/9ba3ac1e-6797-4cc0-afd5-1b8f7bf28c6a.xml">
                    <common:shortDescription xml:lang="en">ILCD Data Network - compliance (non-Process)</common:shortDescription>
                </common:referenceToComplianceSystem>
                <common:approvalOfOverallCompliance>Fully compliant</common:approvalOfOverallCompliance>
            </compliance>
        </complianceDeclarations>
    </modellingAndValidation>
    <administrativeInformation>
        <dataEntryBy>
            <common:timeStamp>2012-01-12T15:51:38.817+01:00</common:timeStamp>
            <common:referenceToDataSetFormat type="source data set" refObjectId="a97a0155-0234-4b87-b4ce-a45da52f2a40" uri="../sources/a97a0155-0234-4b87-b4ce-a45da52f2a40.xml">
                <common:shortDescription xml:lang="en">ILCD format</common:shortDescription>
            </common:referenceToDataSetFormat>
        </dataEntryBy>
        <publicationAndOwnership>
            <common:dataSetVersion>03.00.000</common:dataSetVersion>
            <common:permanentDataSetURI>http://lca.jrc.ec.europa.eu/lcainfohub/datasets/ilcd/flows/fe0acd60-3ddc-11dd-a9a5-0050c2490048.xml</common:permanentDataSetURI>
        </publicationAndOwnership>
    </administrativeInformation>
    <flowProperties>
        <flowProperty dataSetInternalID="0">
            <referenceToFlowPropertyDataSet type="flow property data set" refObjectId="93a60a56-a3c8-11da-a746-0800200b9a66" uri="../flowproperties/93a60a56-a3c8-11da-a746-0800200b9a66.xml">
                <common:shortDescription xml:lang="en">Mass</common:shortDescription>
            </referenceToFlowPropertyDataSet>
            <meanValue>1.0</meanValue>
        </flowProperty>
    </flowProperties>
</flowDataSet>
