<?xml version="1.0" encoding="UTF-8" standalone="yes"?><?xml-stylesheet type='text/xsl' href='../../stylesheets/flow2html.xsl'?>
<flowDataSet xmlns:common="http://lca.jrc.it/ILCD/Common" xmlns="http://lca.jrc.it/ILCD/Flow" xmlns:xsi="http://www.w3.org/2001/XMLSchema-instance" version="1.1" xsi:schemaLocation="http://lca.jrc.it/ILCD/Flow ../../schemas/ILCD_FlowDataSet.xsd">
    <flowInformation>
        <dataSetInformation>
            <common:UUID>fe0acd60-3ddc-11dd-9ee6-0050c2490048</common:UUID>
            <name>
                <baseName xml:lang="en">formaldehyde</baseName>
            </name>
            <common:synonyms xml:lang="en">1HG84L3525;AB1002009;AB1002010;AC1L19UQ;Aldacide;Aldehyd;Aldehyd mravenci;Aldehyde formique;Aldehyde formique [ISO-French];Aldeide formica;BFV;Dialkyl ketone;Dormol;F-gen;FM 282;FORMALDEHYDE, ACS;FYDE;Fannoform;Flo-Mor;Floguard 1015;Fordor;Formaldehyd;Formaldehyd [Czech, Polish];Formaldehyde (gas);Formaldehyde [BSI:ISO];Formaldehyde polymer;Formaldehyde, gas;Formalin 40;Formalin-loesungen;Formalina;Formaline;Formalith;Formic     aldehyde;Formic aldehyde;HCHO;Hyperband;Hyperband (TN);Ivalon;Karsan;Keton;Ketone;Lysoform;Melamine-Formaldehyde Resin;Methaldehyde;Methan 21;Methyl aldehyde;Methylene oxide;Morbicid;NCI-C02799;Oilstop, Halowax;Oplossingen;Oxomethane;Oxomethylene;Oxymethylene;P0018;POLY(OXYMETHYLENE);Paraform;Paraformaldehyde;Paraformaldehyde, polymer;Paraformaldehydum;Paraformic aldehyde;Polyformaldehyde;Polymerised formaldehyde;Polyoxymethylene;Polyoxymethylene glycol;RC(=O)H;RFPDT@;Rcra waste number U122;Superlysoform;Veracur;aldehido;aldehidos;aldehydes;aldehydum;an aldehyde;cetone;dialkyl ketones;formalin;formol;methanal;nchem.467-comp1;nchembio.123-comp9;nchembio.146-comp5;nchembio.172-comp3</common:synonyms>
            <common:synonyms xml:lang="de">Formalin-lösungen;Formaline</common:synonyms>
            <common:synonyms xml:lang="cs">Aldehyd mravenci</common:synonyms>
            <common:synonyms xml:lang="fr">Aldehyde formique</common:synonyms>
            <common:synonyms xml:lang="it">Aldeide formica;Formalina</common:synonyms>
            <common:synonyms xml:lang="nl">Oplossingen</common:synonyms>
            <classificationInformation>
                <common:elementaryFlowCategorization>
                    <common:category level="0">Emissions</common:category>
                    <common:category level="1">Emissions to water</common:category>
                    <common:category level="2">Emissions to fresh water</common:category>
                </common:elementaryFlowCategorization>
            </classificationInformation>
            <CASNumber>000050-00-0</CASNumber>
            <common:generalComment xml:lang="en">Reference elementary flow of the International Reference Life Cycle Data System (ILCD).</common:generalComment>
        </dataSetInformation>
        <quantitativeReference>
            <referenceToReferenceFlowProperty>0</referenceToReferenceFlowProperty>
        </quantitativeReference>
    </flowInformation>
    <modellingAndValidation>
        <LCIMethod>
            <typeOfDataSet>Elementary flow</typeOfDataSet>
        </LCIMethod>
        <complianceDeclarations>
            <compliance>
                <common:referenceToComplianceSystem type="source data set" refObjectId="9ba3ac1e-6797-4cc0-afd5-1b8f7bf28c6a" uri="../sources/9ba3ac1e-6797-4cc0-afd5-1b8f7bf28c6a.xml">
                    <common:shortDescription xml:lang="en">ILCD Data Network - compliance (non-Process)</common:shortDescription>
                </common:referenceToComplianceSystem>
                <common:approvalOfOverallCompliance>Fully compliant</common:approvalOfOverallCompliance>
            </compliance>
        </complianceDeclarations>
    </modellingAndValidation>
    <administrativeInformation>
        <dataEntryBy>
            <common:timeStamp>2012-01-12T15:51:32.547+01:00</common:timeStamp>
            <common:referenceToDataSetFormat type="source data set" refObjectId="a97a0155-0234-4b87-b4ce-a45da52f2a40" uri="../sources/a97a0155-0234-4b87-b4ce-a45da52f2a40.xml">
                <common:shortDescription xml:lang="en">ILCD format</common:shortDescription>
            </common:referenceToDataSetFormat>
        </dataEntryBy>
        <publicationAndOwnership>
            <common:dataSetVersion>03.00.000</common:dataSetVersion>
            <common:permanentDataSetURI>http://lca.jrc.ec.europa.eu/lcainfohub/datasets/ilcd/flows/fe0acd60-3ddc-11dd-9ee6-0050c2490048.xml</common:permanentDataSetURI>
        </publicationAndOwnership>
    </administrativeInformation>
    <flowProperties>
        <flowProperty dataSetInternalID="0">
            <referenceToFlowPropertyDataSet type="flow property data set" refObjectId="93a60a56-a3c8-11da-a746-0800200b9a66" uri="../flowproperties/93a60a56-a3c8-11da-a746-0800200b9a66.xml">
                <common:shortDescription xml:lang="en">Mass</common:shortDescription>
            </referenceToFlowPropertyDataSet>
            <meanValue>1.0</meanValue>
        </flowProperty>
    </flowProperties>
</flowDataSet>
