<?xml version="1.0" encoding="UTF-8" standalone="yes"?><?xml-stylesheet type='text/xsl' href='../../stylesheets/flow2html.xsl'?>
<flowDataSet xmlns:common="http://lca.jrc.it/ILCD/Common" xmlns="http://lca.jrc.it/ILCD/Flow" xmlns:xsi="http://www.w3.org/2001/XMLSchema-instance" version="1.1" xsi:schemaLocation="http://lca.jrc.it/ILCD/Flow ../../schemas/ILCD_FlowDataSet.xsd">
    <flowInformation>
        <dataSetInformation>
            <common:UUID>fe0acd60-3ddc-11dd-a3fc-0050c2490048</common:UUID>
            <name>
                <baseName xml:lang="en">tetrachloroethene</baseName>
            </name>
            <common:synonyms xml:lang="en">1,1,2,2-Tetrachloroethene;1,1,2,2-Tetrachloroethylene;AC1L1LHW;AC1Q3FV0;Ankilostin;Antisal 1;Antisol 1;Carbon bichloride;Carbon dichloride;Czterochloroetylen;Didakene;Dilatin PT;Dow-per;Dowper;ENT 1,860;Ethene, 1,1,2,2-tetrachloro-;Ethene, tetrachloro-;Ethylene tetrachloride;Ethylene, tetrachloro-;Fedal-UN;I14-6703;NCI-C04580;Nema;Nema, veterinary;PERK;PerSec;Perawin;Perc;Perchloorethyleen, per;Perchlor;Perchloraethylen, per;Perchlorethylene;Perchlorethylene, per;Perchloroethylene;Perclene;Perclene D;Percloroetilene;Percosolv;Percosolve;Perklone;Rcra waste number U210;S0641;TETRACHLOROETHYLENE;Tetlen;Tetracap;Tetrachlooretheen;Tetrachloraethen;Tetrachlorethylene;Tetracloroetene;Tetraguer;Tetraleno;Tetralex;Tetravec;Tetrochloroethane;Tetroguer;Tetropil;perawi n</common:synonyms>
            <common:synonyms xml:lang="de">Perchloräthylen, per;Tetrachloräthen</common:synonyms>
            <common:synonyms xml:lang="fr">Perchlorethylene, per</common:synonyms>
            <common:synonyms xml:lang="it">Percloroetilene;Tetracloroetene</common:synonyms>
            <common:synonyms xml:lang="nl">Perchloorethyleen, per;Tetrachlooretheen</common:synonyms>
            <common:synonyms xml:lang="pl">Czterochloroetylen</common:synonyms>
            <classificationInformation>
                <common:elementaryFlowCategorization>
                    <common:category level="0">Emissions</common:category>
                    <common:category level="1">Emissions to air</common:category>
                    <common:category level="2">Emissions to air, unspecified</common:category>
                </common:elementaryFlowCategorization>
            </classificationInformation>
            <CASNumber>000127-18-4</CASNumber>
            <common:generalComment xml:lang="en">Reference elementary flow of the International Reference Life Cycle Data System (ILCD).</common:generalComment>
        </dataSetInformation>
        <quantitativeReference>
            <referenceToReferenceFlowProperty>0</referenceToReferenceFlowProperty>
        </quantitativeReference>
    </flowInformation>
    <modellingAndValidation>
        <LCIMethod>
            <typeOfDataSet>Elementary flow</typeOfDataSet>
        </LCIMethod>
        <complianceDeclarations>
            <compliance>
                <common:referenceToComplianceSystem type="source data set" refObjectId="9ba3ac1e-6797-4cc0-afd5-1b8f7bf28c6a" uri="../sources/9ba3ac1e-6797-4cc0-afd5-1b8f7bf28c6a.xml">
                    <common:shortDescription xml:lang="en">ILCD Data Network - compliance (non-Process)</common:shortDescription>
                </common:referenceToComplianceSystem>
                <common:approvalOfOverallCompliance>Fully compliant</common:approvalOfOverallCompliance>
            </compliance>
        </complianceDeclarations>
    </modellingAndValidation>
    <administrativeInformation>
        <dataEntryBy>
            <common:timeStamp>2012-01-12T15:51:46.905+01:00</common:timeStamp>
            <common:referenceToDataSetFormat type="source data set" refObjectId="a97a0155-0234-4b87-b4ce-a45da52f2a40" uri="../sources/a97a0155-0234-4b87-b4ce-a45da52f2a40.xml">
                <common:shortDescription xml:lang="en">ILCD format</common:shortDescription>
            </common:referenceToDataSetFormat>
        </dataEntryBy>
        <publicationAndOwnership>
            <common:dataSetVersion>03.00.000</common:dataSetVersion>
            <common:permanentDataSetURI>http://lca.jrc.ec.europa.eu/lcainfohub/datasets/ilcd/flows/fe0acd60-3ddc-11dd-a3fc-0050c2490048.xml</common:permanentDataSetURI>
        </publicationAndOwnership>
    </administrativeInformation>
    <flowProperties>
        <flowProperty dataSetInternalID="0">
            <referenceToFlowPropertyDataSet type="flow property data set" refObjectId="93a60a56-a3c8-11da-a746-0800200b9a66" uri="../flowproperties/93a60a56-a3c8-11da-a746-0800200b9a66.xml">
                <common:shortDescription xml:lang="en">Mass</common:shortDescription>
            </referenceToFlowPropertyDataSet>
            <meanValue>1.0</meanValue>
        </flowProperty>
    </flowProperties>
</flowDataSet>
