<?xml version="1.0" encoding="UTF-8" standalone="yes"?><?xml-stylesheet type='text/xsl' href='../../stylesheets/flow2html.xsl'?>
<flowDataSet xmlns:common="http://lca.jrc.it/ILCD/Common" xmlns="http://lca.jrc.it/ILCD/Flow" xmlns:xsi="http://www.w3.org/2001/XMLSchema-instance" version="1.1" xsi:schemaLocation="http://lca.jrc.it/ILCD/Flow ../../schemas/ILCD_FlowDataSet.xsd">
    <flowInformation>
        <dataSetInformation>
            <common:UUID>fe0acd60-3ddc-11dd-a412-0050c2490048</common:UUID>
            <name>
                <baseName xml:lang="en">trichloroethene</baseName>
            </name>
            <common:synonyms xml:lang="en">1,1,2-Trichloroethene;1,1,2-Trichloroethylene;1,1-Dichloro-2-chloroethylene;1,2,2-Trichloroethylene;1-Chloro-2,2-dichloroethylene;AC1L1MU4;AC1Q3FVF;AC1Q3HBV;AKOS000118838;Acetylene trichloride;Algylen;Anamenth;Benzinol;Blacosolv;Blancosolv;Cecolene;Chlorilen;Chlorylea;Chlorylea, Chorylen, CirCosolv, Crawhaspol, Dow-Tri, Dukeron, Per-A-Clor, Triad, Trial, TRI-Plus M, Vitran;Chlorylen;Chorylen;Circosolv;Crawhaspol;Densinfluat;Dow-tri;Dukeron;Ethene, 1,1,2-trichloro-;Ethene, trichloro-;Ethinyl trichloride;Ethylene trichloride;Ethylene, trichloro-;F 1120;Fleck-flip;Flock flip;Fluate;Gemalgene;Germalgene;I14-6702;LTBB002098;Lanadin;Lethurin;NCI-C04546;Narcogen;Narkosoid;Nialk;Perm-A-chlor;Perm-A-clor;Petzinol;Philex;R 1120;Rcra waste number U228;S0633;TCE;TCE (chlorohydrocarbon);TRI;TRICHLOROETHYLENE;Threthylen;Threthylene;Trethylene;Tri-Clene;Tri-plus;Tri-plus M;Trial;Triasol;Trichlooretheen;Trichloorethyleen, tri;Trichloraethen;Trichloraethylen;Trichloraethylen, tri;Trichloraethylenum;Trichloran;Trichlorathane;Trichloren;Trichlorethylene;Trichlorethylene, tri;Trichlorethylenum;Trichloride, Ethinyl;Trichloroethylene (TCE);Trichloroethylene (with epichlorohydrin);Trichloroethylene (without epichlorohydrin);Trichlorothene;Tricloretene;Tricloroetilene;Tricloroetilene [DCIT];Tricloroetileno;Trielene;Trielin;Trielina;Trieline;Triklone;Triklone N;Trilen;Trilene;Trilene TE-141;Triline;Trimar;Vestrol;Vitran;Westrosol;densi nfluat;tric hloroethene;trichloraethylenum pro narcosi;trichloroethylenum;triciene;trik lone</common:synonyms>
            <common:synonyms xml:lang="de">Trichloräthen;Trichloräthylen, tri</common:synonyms>
            <common:synonyms xml:lang="fr">Trichlorethylene, tri</common:synonyms>
            <common:synonyms xml:lang="it">Tricloretene;Tricloroetilene;Trielina</common:synonyms>
            <common:synonyms xml:lang="nl">Trichlooretheen;Trichloorethyleen, tri</common:synonyms>
            <classificationInformation>
                <common:elementaryFlowCategorization>
                    <common:category level="0">Emissions</common:category>
                    <common:category level="1">Emissions to air</common:category>
                    <common:category level="2">Emissions to air, unspecified</common:category>
                </common:elementaryFlowCategorization>
            </classificationInformation>
            <CASNumber>000079-01-6</CASNumber>
            <common:generalComment xml:lang="en">Reference elementary flow of the International Reference Life Cycle Data System (ILCD).</common:generalComment>
        </dataSetInformation>
        <quantitativeReference>
            <referenceToReferenceFlowProperty>0</referenceToReferenceFlowProperty>
        </quantitativeReference>
    </flowInformation>
    <modellingAndValidation>
        <LCIMethod>
            <typeOfDataSet>Elementary flow</typeOfDataSet>
        </LCIMethod>
        <complianceDeclarations>
            <compliance>
                <common:referenceToComplianceSystem type="source data set" refObjectId="9ba3ac1e-6797-4cc0-afd5-1b8f7bf28c6a" uri="../sources/9ba3ac1e-6797-4cc0-afd5-1b8f7bf28c6a.xml">
                    <common:shortDescription xml:lang="en">ILCD Data Network - compliance (non-Process)</common:shortDescription>
                </common:referenceToComplianceSystem>
                <common:approvalOfOverallCompliance>Fully compliant</common:approvalOfOverallCompliance>
            </compliance>
        </complianceDeclarations>
    </modellingAndValidation>
    <administrativeInformation>
        <dataEntryBy>
            <common:timeStamp>2012-01-12T15:51:48.269+01:00</common:timeStamp>
            <common:referenceToDataSetFormat type="source data set" refObjectId="a97a0155-0234-4b87-b4ce-a45da52f2a40" uri="../sources/a97a0155-0234-4b87-b4ce-a45da52f2a40.xml">
                <common:shortDescription xml:lang="en">ILCD format</common:shortDescription>
            </common:referenceToDataSetFormat>
        </dataEntryBy>
        <publicationAndOwnership>
            <common:dataSetVersion>03.00.000</common:dataSetVersion>
            <common:permanentDataSetURI>http://lca.jrc.ec.europa.eu/lcainfohub/datasets/ilcd/flows/fe0acd60-3ddc-11dd-a412-0050c2490048.xml</common:permanentDataSetURI>
        </publicationAndOwnership>
    </administrativeInformation>
    <flowProperties>
        <flowProperty dataSetInternalID="0">
            <referenceToFlowPropertyDataSet type="flow property data set" refObjectId="93a60a56-a3c8-11da-a746-0800200b9a66" uri="../flowproperties/93a60a56-a3c8-11da-a746-0800200b9a66.xml">
                <common:shortDescription xml:lang="en">Mass</common:shortDescription>
            </referenceToFlowPropertyDataSet>
            <meanValue>1.0</meanValue>
        </flowProperty>
    </flowProperties>
</flowDataSet>
