<?xml version="1.0" encoding="utf-8"?>
<?xml-stylesheet version="1.0" href="../../stylesheets/flow2html.xsl" type="text/xsl"?>
<flowDataSet xmlns="http://lca.jrc.it/ILCD/Flow" xmlns:common="http://lca.jrc.it/ILCD/Common" xmlns:xsi="http://www.w3.org/2001/XMLSchema-instance" xsi:schemaLocation="http://lca.jrc.it/ILCD/Flow ../../schemas/ILCD_FlowDataSet.xsd" locations="../ILCDLocations.xml" version="1.1">
  <flowInformation>
    <dataSetInformation>
      <common:UUID>fe0acd60-3ddc-11dd-a686-0050c2490048</common:UUID>
      <name>
        <baseName xml:lang="en">naphthalene</baseName>
        <baseName xml:lang="de">Naphthalin</baseName>
      </name>
      <common:synonyms xml:lang="en">Camphor tar</common:synonyms>
      <classificationInformation>
        <common:elementaryFlowCategorization>
          <common:category level="0">Emissions</common:category>
          <common:category level="1">Emissions to water</common:category>
          <common:category level="2">Emissions to fresh water</common:category>
        </common:elementaryFlowCategorization>
      </classificationInformation>
      <CASNumber>000091-20-3</CASNumber>
      <sumFormula>C10H8</sumFormula>
      <common:generalComment xml:lang="en">Reference elementary flow of the International Reference Life Cycle Data System (ILCD).</common:generalComment>
    </dataSetInformation>
    <quantitativeReference>
      <referenceToReferenceFlowProperty>0</referenceToReferenceFlowProperty>
    </quantitativeReference>
  </flowInformation>
  <modellingAndValidation>
    <LCIMethod>
      <typeOfDataSet>Elementary flow</typeOfDataSet>
    </LCIMethod>
    <complianceDeclarations>
      <compliance>
        <common:referenceToComplianceSystem type="source data set" uri="../sources/88d4f8d9-60f9-43d1-9ea3-329c10d7d727.xml" refObjectId="88d4f8d9-60f9-43d1-9ea3-329c10d7d727" version="01.00.000">
          <common:shortDescription>ILCD Data Network compliance</common:shortDescription>
        </common:referenceToComplianceSystem>
        <common:approvalOfOverallCompliance>Fully compliant</common:approvalOfOverallCompliance>
      </compliance>
    </complianceDeclarations>
  </modellingAndValidation>
  <administrativeInformation>
    <dataEntryBy>
      <common:timeStamp>2008-12-10T18:47:25+01:00</common:timeStamp>
      <common:referenceToDataSetFormat type="source data set" uri="../sources/a97a0155-0234-4b87-b4ce-a45da52f2a40.xml" refObjectId="a97a0155-0234-4b87-b4ce-a45da52f2a40" version="01.00.000">
        <common:shortDescription>ILCD format</common:shortDescription>
      </common:referenceToDataSetFormat>
    </dataEntryBy>
    <publicationAndOwnership>
      <common:dataSetVersion>03.00.000</common:dataSetVersion>
      <common:permanentDataSetURI>http://lca.jrc.ec.europa.eu/lcainfohub/datasets/ilcd/flows/fe0acd60-3ddc-11dd-a686-0050c2490048.xml</common:permanentDataSetURI>
    </publicationAndOwnership>
  </administrativeInformation>
  <flowProperties>
    <flowProperty dataSetInternalID="0">
      <referenceToFlowPropertyDataSet refObjectId="93a60a56-a3c8-11da-a746-0800200b9a66" version="03.00.000" type="flow property data set" uri="../flowproperties/93a60a56-a3c8-11da-a746-0800200b9a66.xml">
        <common:shortDescription xml:lang="en">Mass</common:shortDescription>
      </referenceToFlowPropertyDataSet>
      <meanValue>1</meanValue>
    </flowProperty>
  </flowProperties>
</flowDataSet>