<?xml version="1.0" encoding="UTF-8" standalone="yes"?><?xml-stylesheet type='text/xsl' href='../../stylesheets/flow2html.xsl'?>
<flowDataSet xmlns:common="http://lca.jrc.it/ILCD/Common" xmlns="http://lca.jrc.it/ILCD/Flow" xmlns:xsi="http://www.w3.org/2001/XMLSchema-instance" version="1.1" xsi:schemaLocation="http://lca.jrc.it/ILCD/Flow ../../schemas/ILCD_FlowDataSet.xsd">
    <flowInformation>
        <dataSetInformation>
            <common:UUID>fe0acd60-3ddc-11dd-a939-0050c2490048</common:UUID>
            <name>
                <baseName xml:lang="en">methanol</baseName>
            </name>
            <common:synonyms xml:lang="en">(14c)methanol;300138X;AB1004060;AC1L1A92;AC1O5DUN;AC1Q41DX;AKOS000269045;Alcohol, Wood;Alcohol, methyl;Alcool methylique;Alcool metilico;Alkohol metylowy;CH3OH;Carbonal;Coat-B1400;Colonial Spirit;Colonial spirits;Columbian     spirits;Columbian Spirit;Columbian spirits;Eureka Products Criosine Disinfectant;Eureka Products, Criosine;Freers Elm Arrester;HYD-CH2;HYDRANAL(R)-Methanol dry;HYDRANAL-Methanol dry;I14-12647;Ideal Concentrated Wood Preservative;JandaJel(TM)-OH;KST-1A3746;LTBB002976;MOH;MeOH;MetOH;Metanol;Metanolo;Methanol cluster;Methanol-water mixture;Methoxide, Sodium;Methoxy Group;Methyl alcohol (NF);Methyl alcohol [NF];Methyl hydrate;Methyl hydroxide;Methylalkohol;Methylol;Metylowy alkohol;Monohydroxymethane;OMB;OME;OXYMETHYLENE BRIDGING GROUP;Pyroxylic spirit;Pyroxylic spirits;RFPDX@;Rcra waste number U154;S0429;Surflo-B17;Wilbur-Ellis Smut-Guard;Wood;Wood naphtha;Wood spirit;X-Cide 402 Industrial Bactericide;a primary alcohol;carbinol;methyl alcohol;nchem.651-comp3b;primary alcohols;wood alcohol</common:synonyms>
            <common:synonyms xml:lang="de">Methylalkohol</common:synonyms>
            <common:synonyms xml:lang="fr">Alcool methylique</common:synonyms>
            <common:synonyms xml:lang="it">Alcool metilico;Metanolo</common:synonyms>
            <common:synonyms xml:lang="pl">Metylowy alkohol</common:synonyms>
            <common:synonyms xml:lang="es">Metanol</common:synonyms>
            <classificationInformation>
                <common:elementaryFlowCategorization>
                    <common:category level="0">Emissions</common:category>
                    <common:category level="1">Emissions to water</common:category>
                    <common:category level="2">Emissions to fresh water</common:category>
                </common:elementaryFlowCategorization>
            </classificationInformation>
            <CASNumber>000067-56-1</CASNumber>
            <common:generalComment xml:lang="en">Reference elementary flow of the International Reference Life Cycle Data System (ILCD).</common:generalComment>
        </dataSetInformation>
        <quantitativeReference>
            <referenceToReferenceFlowProperty>0</referenceToReferenceFlowProperty>
        </quantitativeReference>
    </flowInformation>
    <modellingAndValidation>
        <LCIMethod>
            <typeOfDataSet>Elementary flow</typeOfDataSet>
        </LCIMethod>
        <complianceDeclarations>
            <compliance>
                <common:referenceToComplianceSystem type="source data set" refObjectId="9ba3ac1e-6797-4cc0-afd5-1b8f7bf28c6a" uri="../sources/9ba3ac1e-6797-4cc0-afd5-1b8f7bf28c6a.xml">
                    <common:shortDescription xml:lang="en">ILCD Data Network - compliance (non-Process)</common:shortDescription>
                </common:referenceToComplianceSystem>
                <common:approvalOfOverallCompliance>Fully compliant</common:approvalOfOverallCompliance>
            </compliance>
        </complianceDeclarations>
    </modellingAndValidation>
    <administrativeInformation>
        <dataEntryBy>
            <common:timeStamp>2012-01-12T15:51:38.196+01:00</common:timeStamp>
            <common:referenceToDataSetFormat type="source data set" refObjectId="a97a0155-0234-4b87-b4ce-a45da52f2a40" uri="../sources/a97a0155-0234-4b87-b4ce-a45da52f2a40.xml">
                <common:shortDescription xml:lang="en">ILCD format</common:shortDescription>
            </common:referenceToDataSetFormat>
        </dataEntryBy>
        <publicationAndOwnership>
            <common:dataSetVersion>03.00.000</common:dataSetVersion>
            <common:permanentDataSetURI>http://lca.jrc.ec.europa.eu/lcainfohub/datasets/ilcd/flows/fe0acd60-3ddc-11dd-a939-0050c2490048.xml</common:permanentDataSetURI>
        </publicationAndOwnership>
    </administrativeInformation>
    <flowProperties>
        <flowProperty dataSetInternalID="0">
            <referenceToFlowPropertyDataSet type="flow property data set" refObjectId="93a60a56-a3c8-11da-a746-0800200b9a66" uri="../flowproperties/93a60a56-a3c8-11da-a746-0800200b9a66.xml">
                <common:shortDescription xml:lang="en">Mass</common:shortDescription>
            </referenceToFlowPropertyDataSet>
            <meanValue>1.0</meanValue>
        </flowProperty>
    </flowProperties>
</flowDataSet>
