<?xml version="1.0" encoding="utf-8"?>
<?xml-stylesheet version="1.0" href="../../stylesheets/unitgroup2html.xsl" type="text/xsl"?>
<unitGroupDataSet xmlns="http://lca.jrc.it/ILCD/UnitGroup" xmlns:common="http://lca.jrc.it/ILCD/Common" xmlns:xsi="http://www.w3.org/2001/XMLSchema-instance" xsi:schemaLocation="http://lca.jrc.it/ILCD/UnitGroup ../../schemas/ILCD_UnitGroupDataSet.xsd" version="1.1">
  <unitGroupInformation>
    <dataSetInformation>
      <common:UUID>03cc996d-7277-4738-aa32-1572a5172ccc</common:UUID>
      <common:name xml:lang="en">Unit of currency</common:name>
      <classificationInformation>
             <common:classification>
               <common:class level="0">Economic unit groups</common:class>
            </common:classification>
      </classificationInformation>
    </dataSetInformation>
    <quantitativeReference>
      <referenceToReferenceUnit>0</referenceToReferenceUnit>
    </quantitativeReference>
  </unitGroupInformation>
  <modellingAndValidation>
    <complianceDeclarations>
      <compliance>
        <common:referenceToComplianceSystem refObjectId="9ba3ac1e-6797-4cc0-afd5-1b8f7bf28c6a" version="03.00.000" type="source data set" uri="../sources/9ba3ac1e-6797-4cc0-afd5-1b8f7bf28c6a.xml">
          <common:shortDescription xml:lang="en">ILCD compliance 1.1</common:shortDescription>
        </common:referenceToComplianceSystem>
        <common:approvalOfOverallCompliance>Fully compliant</common:approvalOfOverallCompliance>
      </compliance>
    </complianceDeclarations>
  </modellingAndValidation>
  <administrativeInformation>
    <dataEntryBy>
      <common:timeStamp>2013-12-01T00:00:00+01:00</common:timeStamp>
      <common:referenceToDataSetFormat refObjectId="a97a0155-0234-4b87-b4ce-a45da52f2a40" version="03.00.000" type="source data set" uri="../sources/a97a0155-0234-4b87-b4ce-a45da52f2a40.xml">
        <common:shortDescription xml:lang="en">ILCD format 1.1</common:shortDescription>
      </common:referenceToDataSetFormat>
    </dataEntryBy>
    <publicationAndOwnership>
      <common:dataSetVersion>27.00.000</common:dataSetVersion>
    </publicationAndOwnership>
  </administrativeInformation>
  <units>
    <unit dataSetInternalID="0">
      <name>EUR</name>
      <meanValue>1</meanValue>
    </unit>
    <unit dataSetInternalID="1">
      <name>$</name>
      <meanValue>0.864077403495266</meanValue>
    </unit>
    <unit dataSetInternalID="2">
      <name>sFr</name>
      <meanValue>0.601788895266376</meanValue>
    </unit>
    <unit dataSetInternalID="3">
      <name>Yen</name>
      <meanValue>0.01</meanValue>
    </unit>
  </units>
</unitGroupDataSet>
