<?xml version="1.0" encoding="UTF-8"?><?xml-stylesheet version="1.0" href="../../stylesheets/process2html.xsl" type="text/xsl"?><processDataSet xmlns="http://lca.jrc.it/ILCD/Process" xmlns:common="http://lca.jrc.it/ILCD/Common" xmlns:xsi="http://www.w3.org/2001/XMLSchema-instance" locations="../ILCDLocations.xml" metaDataOnly="false" version="1.1" xsi:schemaLocation="http://lca.jrc.it/ILCD/Process ../../schemas/ILCD_ProcessDataSet.xsd">
    <processInformation>
        <dataSetInformation>
            <common:UUID>8ddfe862-e580-47ab-a248-b62c6f4323d4</common:UUID>
            <name>
                <baseName xml:lang="en">Polyethylene Linear Low Density Granulate (LLDPE/PE-LLD) - sample</baseName>
                <treatmentStandardsRoutes xml:lang="en">technology mix</treatmentStandardsRoutes>
                <mixAndLocationTypes xml:lang="en">consumption mix, to consumer</mixAndLocationTypes>
            </name>
            <classificationInformation>
                <common:classification>
                    <common:class level="0">Materials production</common:class>
                    <common:class level="1">Plastics</common:class>
                </common:classification>
            </classificationInformation>
            <common:generalComment xml:lang="en">The data set is purely illustrative in support of teeILCD format extension and does not reflect any real product.</common:generalComment>
        </dataSetInformation>
        <quantitativeReference type="Reference flow(s)">
            <referenceToReferenceFlow>239</referenceToReferenceFlow>
        </quantitativeReference>
        <time>
            <common:referenceYear>2013</common:referenceYear>
            <common:dataSetValidUntil>2016</common:dataSetValidUntil>
            <common:timeRepresentativenessDescription xml:lang="en">annual average</common:timeRepresentativenessDescription>
        </time>
        <geography>
            <locationOfOperationSupplyOrProduction location="EU-27">
                <descriptionOfRestrictions xml:lang="en">The data set represents the country / region specific situation, focusing on the main technologies, the region specific characteristics and / or import statistics.</descriptionOfRestrictions>
            </locationOfOperationSupplyOrProduction>
        </geography>
        <technology>
            <technologyDescriptionAndIncludedProcesses xml:lang="en">The basis for the production of polyethylene is crude oil. There are a few process types for polymerising ethylene to polyethylene. Polyethylene is polymerised from ethylene, which is extracted by cracking naphtha or gas oil in a steam-cracker. Linear low density polyethylene (PE-LLD) is produced in a low-pressure process which are classified, according to the phase in which the reaction occurs into solution process, suspension process and gas phase process. Because of its high market share, the gas phase process in a fluidised bed reactor is chosen as reference process for the production of polyethylene. The gaseous ethylene enters the reactor through a distributor plate which provides an even distribution of gas and must also prevent powder falling through when the gas flow is stopped. The fluidised bed functions more or less as a continuous stirred-tank reactor in which mass transfer provides back mixing of material and heat throughout the reactor. There is an up-flow at the centre and down-flow at the walls. The conversion per pass is approx. 2 % for PE-LLD. A cyclone and / or filter prevent fine particles reaching the recycle cooler and compressor. The polymer is removed via a sequenced valve to a powder cyclone, from which residual monomers are recovered and recompressed. The main recycle compressor circulates gas at a high flow rate, but with a small pressure rise.  The background system is addressed as follows:  Electricity, Thermal energy: The electricity (and thermal energy as by-product) used is modelled according to the individual country-specific situation. The country-specific modelling is achieved on multiple levels. Firstly the individual power plants in service are modelled according to the current national grid. This includes net losses and imported electricity. Second, the national emission and efficiency standards of the power plants are modelled. Third, the country-specific fuel supply (share of resources used, by import and / or domestic supply) including the country-specific properties (e.g. element and energy contents) are accounted for. Fourth, the import, transport, mining and exploration processes for the energy carrier supply chain are modelled according to the specific situation of each power-producing country. The different mining and exploration techniques (emissions and efficiencies) in the different exploration countries are accounted for according to current engineering knowledge and information.  Steam: The steam supply is modelled according to the individual country-specific situation with regard to the technology efficiencies and energy carriers used. Efficiencies range from 84% to 94% in relation to the representative energy carrier (gas, oil, coal). Coal, crude oil and natural gas used for the generation of steam are modelled according to the specific import situation (see electricity).  Transports: All relevant and known transport processes used are included. Overseas transport including rail and truck transport to and from major ports for imported bulk resources are included. Furthermore all relevant and known pipeline and / or tanker transport of gases and oil imports are included.   Energy carriers: Coal, crude oil, natural gas and uranium are modelled according to the specific import situation (see electricity).  Refinery products: Diesel, gasoline, technical gases, fuel oils, basic oils and residues such as bitumen are modelled via a country-specific, refinery parameterized model. The refinery model represents the current national standard in refinery techniques (e.g. emission level, internal energy consumption,...) as well as the individual country-specific product output spectrum, which can be quite different from country to country. Hence the refinery products used show the individual country-specific use of resources. The supply of crude oil is modelled, again, according to the country-specific crude oil situation with the respective properties of the resources.</technologyDescriptionAndIncludedProcesses>
            <technologicalApplicability xml:lang="en">Provision of a standard technical product according to the applied technology.</technologicalApplicability>
            <referenceToTechnologyFlowDiagrammOrPicture refObjectId="1647db57-47e3-46ab-b607-3a30becc376b" type="source data set" uri="../sources/1647db57-47e3-46ab-b607-3a30becc376b.xml" version="30.00.000">
                <common:shortDescription xml:lang="en">Plastics_Polyethylene linear low density granulate (PE-LLD).JPG</common:shortDescription>
            </referenceToTechnologyFlowDiagrammOrPicture>
        </technology>
    </processInformation>
    <modellingAndValidation>
        <LCIMethodAndAllocation>
            <typeOfDataSet>LCI result</typeOfDataSet>
            <LCIMethodPrinciple>Attributional</LCIMethodPrinciple>
            <deviationsFromLCIMethodPrinciple xml:lang="en">None</deviationsFromLCIMethodPrinciple>
            <LCIMethodApproaches>Allocation - market value</LCIMethodApproaches>
            <LCIMethodApproaches>Allocation - net calorific value</LCIMethodApproaches>
            <LCIMethodApproaches>Allocation - exergetic content</LCIMethodApproaches>
            <LCIMethodApproaches>Allocation - mass</LCIMethodApproaches>
            <deviationsFromLCIMethodApproaches xml:lang="en">No allocation in the foreground system applied. For details please see the document "GaBi Databases Modelling Principles"</deviationsFromLCIMethodApproaches>
            <modellingConstants xml:lang="en">All data used in the calculation of the LCI results refer to net calorific value.</modellingConstants>
            <deviationsFromModellingConstants xml:lang="en">None</deviationsFromModellingConstants>
            <referenceToLCAMethodDetails refObjectId="f2b512cd-43b2-4260-9882-eebc06731274" type="source data set" uri="../sources/f2b512cd-43b2-4260-9882-eebc06731274.xml" version="28.00.000">
                <common:shortDescription xml:lang="en">GaBi Modelling Principles</common:shortDescription>
            </referenceToLCAMethodDetails>
        </LCIMethodAndAllocation>
        <dataSourcesTreatmentAndRepresentativeness>
            <dataCutOffAndCompletenessPrinciples xml:lang="en">Cut-off rules for each unit process: Coverage of at least 95 % of mass and energy of the input and output flows, and 98 % of their environmental relevance (according to expert judgement).&#13;
For further details please see the document "GaBi Databases Modelling Principles"</dataCutOffAndCompletenessPrinciples>
            <deviationsFromCutOffAndCompletenessPrinciples xml:lang="en">None</deviationsFromCutOffAndCompletenessPrinciples>
            <dataSelectionAndCombinationPrinciples xml:lang="en">For details please see the document "GaBi Databases Modelling Principles"</dataSelectionAndCombinationPrinciples>
            <deviationsFromSelectionAndCombinationPrinciples xml:lang="en">None</deviationsFromSelectionAndCombinationPrinciples>
            <dataTreatmentAndExtrapolationsPrinciples xml:lang="en">For details please see the document "GaBi Databases Modelling Principles"</dataTreatmentAndExtrapolationsPrinciples>
            <deviationsFromTreatmentAndExtrapolationPrinciples xml:lang="en">None</deviationsFromTreatmentAndExtrapolationPrinciples>
            <referenceToDataSource refObjectId="d2732233-5fbd-11db-b0de-0800200c9a66" type="source data set" uri="../sources/d2732233-5fbd-11db-b0de-0800200c9a66.xml" version="28.00.000">
                <common:shortDescription xml:lang="en">Saechtling Kunststofftaschenbuch, 2004</common:shortDescription>
            </referenceToDataSource>
            <referenceToDataSource refObjectId="d2732234-5fbd-11db-b0de-0800200c9a66" type="source data set" uri="../sources/d2732234-5fbd-11db-b0de-0800200c9a66.xml" version="28.00.000">
                <common:shortDescription xml:lang="en">Chemische Prozesskunde, 1996</common:shortDescription>
            </referenceToDataSource>
            <referenceToDataSource refObjectId="d2732235-5fbd-11db-b0de-0800200c9a66" type="source data set" uri="../sources/d2732235-5fbd-11db-b0de-0800200c9a66.xml" version="28.00.000">
                <common:shortDescription xml:lang="en">Handbook of Petrochemicals Production Processes, 2005</common:shortDescription>
            </referenceToDataSource>
            <referenceToDataSource refObjectId="d2732236-5fbd-11db-b0de-0800200c9a66" type="source data set" uri="../sources/d2732236-5fbd-11db-b0de-0800200c9a66.xml" version="28.00.000">
                <common:shortDescription xml:lang="en">Handbook of Petrochemicals and Processes, 1999</common:shortDescription>
            </referenceToDataSource>
            <referenceToDataSource refObjectId="d2732237-5fbd-11db-b0de-0800200c9a66" type="source data set" uri="../sources/d2732237-5fbd-11db-b0de-0800200c9a66.xml" version="28.00.000">
                <common:shortDescription xml:lang="en">Best Available Techniques in the Production of Polymers, 2006</common:shortDescription>
            </referenceToDataSource>
            <referenceToDataSource refObjectId="d2734931-5fbd-11db-b0de-0800200c9a66" type="source data set" uri="../sources/d2734931-5fbd-11db-b0de-0800200c9a66.xml" version="28.00.000">
                <common:shortDescription xml:lang="en">Plastics in Europe - An analysis of plastics consumption and recovery in Europe 2001 &amp; 2002, 2003</common:shortDescription>
            </referenceToDataSource>
            <percentageSupplyOrProductionCovered>95.0</percentageSupplyOrProductionCovered>
            <uncertaintyAdjustments xml:lang="en">None</uncertaintyAdjustments>
            <useAdviceForDataSet xml:lang="en">The data set is purely illustrative in support of the eILCD format extension and does not reflect any real product.</useAdviceForDataSet>
        </dataSourcesTreatmentAndRepresentativeness>
        <completeness>
            <completenessProductModel>No statement</completenessProductModel>
            <completenessElementaryFlows type="Climate change" value="No statement"/>
            <completenessElementaryFlows type="Ozone depletion" value="No statement"/>
            <completenessElementaryFlows type="Summer smog" value="No statement"/>
            <completenessElementaryFlows type="Eutrophication" value="No statement"/>
            <completenessElementaryFlows type="Acidification" value="No statement"/>
            <completenessElementaryFlows type="Human toxicity" value="No statement"/>
            <completenessElementaryFlows type="Freshwater ecotoxicity" value="No statement"/>
            <completenessElementaryFlows type="Seawater eco-toxicity" value="No statement"/>
            <completenessElementaryFlows type="Terrestric eco-toxicity" value="No statement"/>
            <completenessElementaryFlows type="Radioactivity" value="No statement"/>
            <completenessElementaryFlows type="Land use" value="No statement"/>
            <completenessElementaryFlows type="Non-renewable material resource depletion" value="No statement"/>
            <completenessElementaryFlows type="Renewable material resource consumption" value="No statement"/>
            <completenessElementaryFlows type="Non-renewable primary energy depletion" value="No statement"/>
            <completenessElementaryFlows type="Renewable primary energy consumption" value="No statement"/>
            <completenessElementaryFlows type="Particulate matter/respiratory inorganics" value="No statement"/>
            <completenessElementaryFlows type="Species depletion" value="No statement"/>
            <completenessElementaryFlows type="Noise" value="No statement"/>
        </completeness>
    </modellingAndValidation>
    <administrativeInformation>
        <common:commissionerAndGoal>
            <common:referenceToCommissioner refObjectId="ba47c560-d6a9-99bc-a94d-1230208c9b71" type="contact data set" uri="../contacts/ba47c560-d6a9-99bc-a94d-1230208c9b71.xml" version="01.00.000">
                <common:shortDescription xml:lang="en">maki</common:shortDescription>
            </common:referenceToCommissioner>
            <common:intendedApplications xml:lang="en">This data set is for illustratuve purposes only and not reflecting actual production/operation of the product.</common:intendedApplications>
        </common:commissionerAndGoal>
        <dataGenerator>
            <common:referenceToPersonOrEntityGeneratingTheDataSet refObjectId="ba47c560-d6a9-99bc-a94d-1230208c9b71" type="contact data set" uri="../contacts/ba47c560-d6a9-99bc-a94d-1230208c9b71.xml" version="01.00.000">
                <common:shortDescription xml:lang="en">maki</common:shortDescription>
            </common:referenceToPersonOrEntityGeneratingTheDataSet>
        </dataGenerator>
        <dataEntryBy>
            <common:timeStamp>2017-07-23T12:55:54.000</common:timeStamp>
            <common:referenceToDataSetFormat refObjectId="a97a0155-0234-4b87-b4ce-a45da52f2a40" type="source data set" uri="../sources/a97a0155-0234-4b87-b4ce-a45da52f2a40.xml" version="03.00.000">
                <common:shortDescription xml:lang="en">ILCD format 1.1</common:shortDescription>
            </common:referenceToDataSetFormat>
            <common:referenceToPersonOrEntityEnteringTheData refObjectId="ba47c560-d6a9-99bc-a94d-1230208c9b71" type="contact data set" uri="../contacts/ba47c560-d6a9-99bc-a94d-1230208c9b71.xml" version="01.00.000">
                <common:shortDescription xml:lang="en">maki</common:shortDescription>
            </common:referenceToPersonOrEntityEnteringTheData>
            <common:referenceToDataSetUseApproval refObjectId="be34bbb0-b054-11db-abbd-0800200c9a66" type="contact data set" uri="../contacts/be34bbb0-b054-11db-abbd-0800200c9a66.xml" version="28.00.000">
                <common:shortDescription xml:lang="en">No official approval by producer or operator</common:shortDescription>
            </common:referenceToDataSetUseApproval>
        </dataEntryBy>
        <publicationAndOwnership>
            <common:dateOfLastRevision>2017-07-23T12:55:54.000</common:dateOfLastRevision>
            <common:dataSetVersion>01.00.000</common:dataSetVersion>
            <common:workflowAndPublicationStatus>Data set finalised; entirely published</common:workflowAndPublicationStatus>
            <common:referenceToOwnershipOfDataSet refObjectId="ba47c560-d6a9-99bc-a94d-1230208c9b71" type="contact data set" uri="../contacts/ba47c560-d6a9-99bc-a94d-1230208c9b71.xml" version="01.00.000">
                <common:shortDescription xml:lang="en">maki</common:shortDescription>
            </common:referenceToOwnershipOfDataSet>
            <common:copyright>true</common:copyright>
            <common:licenseType>Other</common:licenseType>
            <common:accessRestrictions xml:lang="en">none</common:accessRestrictions>
        </publicationAndOwnership>
    </administrativeInformation>
    <exchanges>
        <exchange dataSetInternalID="1">
            <referenceToFlowDataSet refObjectId="04202047-6556-11dd-ad8b-0800200c9a66" type="flow data set" uri="../flows/04202047-6556-11dd-ad8b-0800200c9a66.xml" version="03.00.003">
                <common:shortDescription xml:lang="en">primary energy from hydro power</common:shortDescription>
            </referenceToFlowDataSet>
            <exchangeDirection>Input</exchangeDirection>
            <meanAmount>60.1555149505124237</meanAmount>
            <resultingAmount>60.1555149505124237</resultingAmount>
            <relativeStandardDeviation95In>0</relativeStandardDeviation95In>
            <dataSourceType>Mixed primary / secondary</dataSourceType>
            <dataDerivationTypeStatus>Unknown derivation</dataDerivationTypeStatus>
        </exchange>
        <exchange dataSetInternalID="4">
            <referenceToFlowDataSet refObjectId="08a91e70-3ddc-11dd-923d-0050c2490048" type="flow data set" uri="../flows/08a91e70-3ddc-11dd-923d-0050c2490048.xml" version="03.00.003">
                <common:shortDescription xml:lang="en">carbon dioxide (fossil) [Emissions to air, unspecified]</common:shortDescription>
            </referenceToFlowDataSet>
            <exchangeDirection>Output</exchangeDirection>
            <meanAmount>1.572076908272198</meanAmount>
            <resultingAmount>1.572076908272198</resultingAmount>
            <relativeStandardDeviation95In>0</relativeStandardDeviation95In>
            <dataSourceType>Mixed primary / secondary</dataSourceType>
            <dataDerivationTypeStatus>Unknown derivation</dataDerivationTypeStatus>
        </exchange>
        <exchange dataSetInternalID="5">
                    <referenceToFlowDataSet refObjectId="08a91e70-3ddc-11dd-924e-0050c2490048" type="flow data set" uri="../flows/08a91e70-3ddc-11dd-924e-0050c2490048.xml" version="03.00.003">
                <common:shortDescription xml:lang="en">carbon monoxide (fossil) [Emissions to air, unspecified]</common:shortDescription>
            </referenceToFlowDataSet>
            <exchangeDirection>Output</exchangeDirection>
            <meanAmount>0.00462076908272198</meanAmount>
            <resultingAmount>0.00462076908272198</resultingAmount>
            <relativeStandardDeviation95In>0</relativeStandardDeviation95In>
            <dataSourceType>Mixed primary / secondary</dataSourceType>
            <dataDerivationTypeStatus>Unknown derivation</dataDerivationTypeStatus>
        </exchange>
        <exchange dataSetInternalID="239">
            <referenceToFlowDataSet refObjectId="76013e3e-e074-4452-b1da-7d47842345a8" type="flow data set" uri="../flows/76013e3e-e074-4452-b1da-7d47842345a8.xml" version="28.00.000">
                <common:shortDescription xml:lang="en">Polyethylene low linear density granulate (LLDPE/PE-LLD)</common:shortDescription>
            </referenceToFlowDataSet>
            <exchangeDirection>Output</exchangeDirection>
            <meanAmount>1.0</meanAmount>
            <resultingAmount>1.0</resultingAmount>
            <relativeStandardDeviation95In>0</relativeStandardDeviation95In>
            <dataSourceType>Mixed primary / secondary</dataSourceType>
            <dataDerivationTypeStatus>Measured</dataDerivationTypeStatus>
        </exchange>
    </exchanges>
</processDataSet>
