<?xml version="1.0" encoding="UTF-8" standalone="no"?>
<?xml-stylesheet version="1.0" href="../../stylesheets/process2html.xsl" type="text/xsl"?><processDataSet xmlns="http://lca.jrc.it/ILCD/Process" xmlns:common="http://lca.jrc.it/ILCD/Common" xmlns:xsi="http://www.w3.org/2001/XMLSchema-instance" locations="../ILCDLocations.xml" metaDataOnly="false" version="1.1" xsi:schemaLocation="http://lca.jrc.it/ILCD/Process ../../schemas/ILCD_ProcessDataSet.xsd">
    <processInformation>
        <dataSetInformation>
            <common:UUID>a91683fe-3b0b-471c-a007-f9d8b4e29d5a</common:UUID>
            <name>
                <baseName xml:lang="en">eILCD-example - 5 parts at 0.2 kg/part</baseName>
                <mixAndLocationTypes xml:lang="en">single route, at plant</mixAndLocationTypes>
            </name>
            <classificationInformation>
                <common:classification>
                    <common:class level="0">Materials production</common:class>
                    <common:class level="1">Other materials</common:class>
                </common:classification>
            </classificationInformation>
            <common:generalComment xml:lang="en">The data set is purely illustrative in support of the eILCD format extension and does not reflect any real product.</common:generalComment>
        </dataSetInformation>
        <quantitativeReference type="Reference flow(s)">
            <referenceToReferenceFlow>1</referenceToReferenceFlow>
        </quantitativeReference>
        <time>
            <common:referenceYear>2020</common:referenceYear>
            <common:dataSetValidUntil>2024</common:dataSetValidUntil>
            <common:timeRepresentativenessDescription xml:lang="en">annual average</common:timeRepresentativenessDescription>
        </time>
        <geography>
            <locationOfOperationSupplyOrProduction location="DE">
                <descriptionOfRestrictions xml:lang="en">The data set represents the country / region specific situation, focusing on the main technologies, the region specific characteristics and / or import statistics.</descriptionOfRestrictions>
            </locationOfOperationSupplyOrProduction>
        </geography>
        <technology>
            <technologyDescriptionAndIncludedProcesses xml:lang="en">In the injection mould process, plastics are processed as granules, as powder and as profile strings. In general, thermoplasts, duroplasts, and elastomers can be processed. It is not known how many millions of tons of plastics are converted annually into prefabricated parts in the injection mould process. The injection moulding process takes place in the following sequence:   A revolving screw takes granules out of a mass funnel and moves them through its volutions to its tip. The tool is closed, the injection unit moves against the feed bush, the screw presses like a piston the plastified compound into the tool.   The cooled injection moulded part falls out of the opened tool, the screw sends new compound its tip, the injection unit lifts away from the jet. The cycle is completed. The dataset is made for plastic parts where one sprue system is used for one product.</technologyDescriptionAndIncludedProcesses>
            <technologicalApplicability xml:lang="en">Provision of a standard technical product according to the applied technology.</technologicalApplicability>
        </technology>        
    </processInformation>
    <modellingAndValidation>
        <LCIMethodAndAllocation>
            <typeOfDataSet>Unit process, single operation</typeOfDataSet>
            <LCIMethodPrinciple>Attributional</LCIMethodPrinciple>
            <deviationsFromLCIMethodPrinciple xml:lang="en">None</deviationsFromLCIMethodPrinciple>
            <LCIMethodApproaches>Not applicable</LCIMethodApproaches>
            <deviationsFromLCIMethodApproaches xml:lang="en">None</deviationsFromLCIMethodApproaches>
            <modellingConstants xml:lang="en">All data used in the calculation of the LCI results refer to net calorific value.</modellingConstants>
            <deviationsFromModellingConstants xml:lang="en">None</deviationsFromModellingConstants>
        </LCIMethodAndAllocation>
        <completeness>
            <completenessProductModel>No statement</completenessProductModel>
            <completenessElementaryFlows type="Climate change" value="No statement"/>
            <completenessElementaryFlows type="Ozone depletion" value="No statement"/>
            <completenessElementaryFlows type="Summer smog" value="No statement"/>
            <completenessElementaryFlows type="Eutrophication" value="No statement"/>
            <completenessElementaryFlows type="Acidification" value="No statement"/>
            <completenessElementaryFlows type="Human toxicity" value="No statement"/>
            <completenessElementaryFlows type="Freshwater ecotoxicity" value="No statement"/>
            <completenessElementaryFlows type="Seawater eco-toxicity" value="No statement"/>
            <completenessElementaryFlows type="Terrestric eco-toxicity" value="No statement"/>
            <completenessElementaryFlows type="Radioactivity" value="No statement"/>
            <completenessElementaryFlows type="Land use" value="No statement"/>
            <completenessElementaryFlows type="Non-renewable material resource depletion" value="No statement"/>
            <completenessElementaryFlows type="Renewable material resource consumption" value="No statement"/>
            <completenessElementaryFlows type="Non-renewable primary energy depletion" value="No statement"/>
            <completenessElementaryFlows type="Renewable primary energy consumption" value="No statement"/>
            <completenessElementaryFlows type="Particulate matter/respiratory inorganics" value="No statement"/>
            <completenessElementaryFlows type="Species depletion" value="No statement"/>
            <completenessElementaryFlows type="Noise" value="No statement"/>
        </completeness>
    </modellingAndValidation>
    <administrativeInformation>
        <common:commissionerAndGoal>
            <common:referenceToCommissioner refObjectId="ba47c560-d6a9-99bc-a94d-1230208c9b71" type="contact data set" uri="../contacts/ba47c560-d6a9-99bc-a94d-1230208c9b71.xml" version="01.00.000">
                <common:shortDescription xml:lang="en">maki</common:shortDescription>
            </common:referenceToCommissioner>
            <common:intendedApplications xml:lang="en">This data set is for illustratuve purposes only and not reflecting actual production/operation of the product.</common:intendedApplications>
        </common:commissionerAndGoal>
        <dataGenerator>
            <common:referenceToPersonOrEntityGeneratingTheDataSet refObjectId="ba47c560-d6a9-99bc-a94d-1230208c9b71" type="contact data set" uri="../contacts/ba47c560-d6a9-99bc-a94d-1230208c9b71.xml" version="01.00.000">
                <common:shortDescription xml:lang="en">maki</common:shortDescription>
            </common:referenceToPersonOrEntityGeneratingTheDataSet>
        </dataGenerator>
        <dataEntryBy>
            <common:timeStamp>2017-07-23T12:55:54.000</common:timeStamp>
            <common:referenceToDataSetFormat refObjectId="a97a0155-0234-4b87-b4ce-a45da52f2a40" type="source data set" uri="../sources/a97a0155-0234-4b87-b4ce-a45da52f2a40.xml" version="03.00.000">
                <common:shortDescription xml:lang="en">ILCD format 1.1</common:shortDescription>
            </common:referenceToDataSetFormat>
            <common:referenceToPersonOrEntityEnteringTheData refObjectId="ba47c560-d6a9-99bc-a94d-1230208c9b71" type="contact data set" uri="../contacts/ba47c560-d6a9-99bc-a94d-1230208c9b71.xml" version="01.00.000">
                <common:shortDescription xml:lang="en">maki</common:shortDescription>
            </common:referenceToPersonOrEntityEnteringTheData>
            <common:referenceToDataSetUseApproval refObjectId="be34bbb0-b054-11db-abbd-0800200c9a66" type="contact data set" uri="../contacts/be34bbb0-b054-11db-abbd-0800200c9a66.xml" version="28.00.000">
                <common:shortDescription xml:lang="en">No official approval by producer or operator</common:shortDescription>
            </common:referenceToDataSetUseApproval>
        </dataEntryBy>
        <publicationAndOwnership>
            <common:dateOfLastRevision>2017-07-23T12:55:54.000</common:dateOfLastRevision>
            <common:dataSetVersion>01.00.000</common:dataSetVersion>
            <common:workflowAndPublicationStatus>Data set finalised; entirely published</common:workflowAndPublicationStatus>
            <common:referenceToOwnershipOfDataSet refObjectId="ba47c560-d6a9-99bc-a94d-1230208c9b71" type="contact data set" uri="../contacts/ba47c560-d6a9-99bc-a94d-1230208c9b71.xml" version="01.00.000">
                <common:shortDescription xml:lang="en">maki</common:shortDescription>
            </common:referenceToOwnershipOfDataSet>
            <common:copyright>true</common:copyright>
            <common:licenseType>Other</common:licenseType>
            <common:accessRestrictions xml:lang="en">none</common:accessRestrictions>
        </publicationAndOwnership>
    </administrativeInformation>    
<exchanges>
<exchange dataSetInternalID="1">
<referenceToFlowDataSet refObjectId="336b1168-c3ea-4b5c-9955-beb577f3c005" type="flow data set" uri="../flows/336b1168-c3ea-4b5c-9955-beb577f3c005.xml">
<common:shortDescription xml:lang="en">Plastic part (unspecified)</common:shortDescription>
</referenceToFlowDataSet>
<exchangeDirection>Output</exchangeDirection>
<meanAmount>1.0</meanAmount>
<resultingAmount>1.0</resultingAmount>
<dataDerivationTypeStatus>Estimated</dataDerivationTypeStatus>
<generalComment/>
</exchange>
<exchange dataSetInternalID="2">
<referenceToFlowDataSet refObjectId="0123d60d-1c78-4a38-9fa0-90b1b6c9491e" type="flow data set" uri="../flows/0123d60d-1c78-4a38-9fa0-90b1b6c9491e.xml">
<common:shortDescription xml:lang="en">Water (process water)</common:shortDescription>
</referenceToFlowDataSet>
<exchangeDirection>Input</exchangeDirection>
<meanAmount>1.0</meanAmount>
<resultingAmount>0.08</resultingAmount>
<dataDerivationTypeStatus>Estimated</dataDerivationTypeStatus>
<generalComment/>
</exchange>
<exchange dataSetInternalID="3">
<referenceToFlowDataSet refObjectId="08a91e70-3ddc-11dd-924e-0050c2490048" type="flow data set" uri="../flows/08a91e70-3ddc-11dd-924e-0050c2490048.xml">
<common:shortDescription xml:lang="en">carbon monoxide (fossil) [Emissions to air, unspecified]</common:shortDescription>
</referenceToFlowDataSet>
<exchangeDirection>Output</exchangeDirection>
<meanAmount>0.000362076908272198</meanAmount>
<resultingAmount>0.004985489385407549</resultingAmount>
<dataDerivationTypeStatus>Unknown derivation</dataDerivationTypeStatus>
<generalComment/>
</exchange>
<exchange dataSetInternalID="5">
<referenceToFlowDataSet refObjectId="04202047-6556-11dd-ad8b-0800200c9a66" type="flow data set" uri="../flows/04202047-6556-11dd-ad8b-0800200c9a66.xml">
<common:shortDescription xml:lang="en">primary energy from hydro power [Renewable energy resources from water]</common:shortDescription>
</referenceToFlowDataSet>
<exchangeDirection>Input</exchangeDirection>
<meanAmount>0.555149505124237</meanAmount>
<resultingAmount>62.28678976347955</resultingAmount>
<dataDerivationTypeStatus>Unknown derivation</dataDerivationTypeStatus>
<generalComment/>
</exchange>
<exchange dataSetInternalID="6">
<referenceToFlowDataSet refObjectId="4f1a3f41-7b3b-11dd-ad8b-0800200c9a66" type="flow data set" uri="../flows/4f1a3f41-7b3b-11dd-ad8b-0800200c9a66.xml">
<common:shortDescription xml:lang="en">Water (waste water, untreated)</common:shortDescription>
</referenceToFlowDataSet>
<exchangeDirection>Output</exchangeDirection>
<meanAmount>1.0</meanAmount>
<resultingAmount>0.08</resultingAmount>
<dataDerivationTypeStatus>Estimated</dataDerivationTypeStatus>
<generalComment/>
</exchange>
<exchange dataSetInternalID="7">
<referenceToFlowDataSet refObjectId="08a91e70-3ddc-11dd-923d-0050c2490048" type="flow data set" uri="../flows/08a91e70-3ddc-11dd-923d-0050c2490048.xml">
<common:shortDescription xml:lang="en">carbon dioxide (fossil) [Emissions to air, unspecified]</common:shortDescription>
</referenceToFlowDataSet>
<exchangeDirection>Output</exchangeDirection>
<meanAmount>0.972076908272198</meanAmount>
<resultingAmount>1.8919649886152838</resultingAmount>
<dataDerivationTypeStatus>Unknown derivation</dataDerivationTypeStatus>
<generalComment/>
</exchange>
<exchange dataSetInternalID="10">
<referenceToFlowDataSet refObjectId="4f197bf2-7b3b-11dd-ad8b-0800200c9a66" type="flow data set" uri="../flows/4f197bf2-7b3b-11dd-ad8b-0800200c9a66.xml">
<common:shortDescription xml:lang="en">Water (tap water)</common:shortDescription>
</referenceToFlowDataSet>
<exchangeDirection>Input</exchangeDirection>
<meanAmount>1.0</meanAmount>
<resultingAmount>0.391</resultingAmount>
<dataDerivationTypeStatus>Estimated</dataDerivationTypeStatus>
<generalComment/>
</exchange>
</exchanges>
</processDataSet>
