<?xml version="1.0" encoding="UTF-8"?><?xml-stylesheet version="1.0" href="../../stylesheets/process2html.xsl" type="text/xsl"?><processDataSet xmlns="http://lca.jrc.it/ILCD/Process" xmlns:common="http://lca.jrc.it/ILCD/Common" xmlns:xsi="http://www.w3.org/2001/XMLSchema-instance" locations="../ILCDLocations.xml" metaDataOnly="false" version="1.1" xsi:schemaLocation="http://lca.jrc.it/ILCD/Process ../../schemas/ILCD_ProcessDataSet.xsd">
    <processInformation>
        <dataSetInformation>
            <common:UUID>e38740ed-4e9e-4f4c-ae17-251ca7442c58</common:UUID>
            <name>
                <baseName xml:lang="en">Electricity grid mix - sample</baseName>
                <treatmentStandardsRoutes xml:lang="en">AC, technology mix</treatmentStandardsRoutes>
                <mixAndLocationTypes xml:lang="en">production mix (region specific plants), at consumer</mixAndLocationTypes>
                <functionalUnitFlowProperties xml:lang="en">&lt;1kV</functionalUnitFlowProperties>
            </name>
            <common:synonyms xml:lang="en">Power grid mix</common:synonyms>
            <classificationInformation>
                <common:classification>
                    <common:class level="0">Energy carriers and technologies</common:class>
                    <common:class level="1">Electricity</common:class>
                </common:classification>
            </classificationInformation>
            <common:generalComment xml:lang="en">The data set is purely illustrative in support of the eILCD format extension and does not reflect any real product.</common:generalComment>
        </dataSetInformation>
        <quantitativeReference type="Reference flow(s)">
            <referenceToReferenceFlow>509</referenceToReferenceFlow>
        </quantitativeReference>
        <time>
            <common:referenceYear>2010</common:referenceYear>
            <common:dataSetValidUntil>2014</common:dataSetValidUntil>
            <common:timeRepresentativenessDescription xml:lang="en">annual average</common:timeRepresentativenessDescription>
        </time>
        <geography>
            <locationOfOperationSupplyOrProduction location="DE">
                <descriptionOfRestrictions xml:lang="en">The data set represents the average national or region specific electricity mix including main activity producers and autoproducers as well as electricity imports. Main technologies for firing, flue gas cleaning and electricity generation are considered according to the national or region specific situation.</descriptionOfRestrictions>
            </locationOfOperationSupplyOrProduction>
        </geography>
        <technology>
            <technologyDescriptionAndIncludedProcesses xml:lang="en">The data set is purely illustrative in support of the eILCD format extension and does not reflect any real product. &#13; Foreground system:&#13;
The national or regional specific electricity consumption mix is provided by the conversion of the different energy carriers to electricity and imports from neighbouring countries, as illustrated in the pie chart "Electricity Mix".</technologyDescriptionAndIncludedProcesses>
            <technologicalApplicability xml:lang="en">Supply of 1 kWh low voltage (&lt;1kV) electricity to final consumers.</technologicalApplicability>
            <referenceToTechnologyPictogramme refObjectId="7fc030b1-96ca-40f9-a7dc-52f51f9ba939" type="source data set" uri="../sources/7fc030b1-96ca-40f9-a7dc-52f51f9ba939.xml" version="30.00.000">
                <common:shortDescription xml:lang="en">Energy_Electricity_Modelling_of_Electricity_Consumption_Mixes.jpg</common:shortDescription>
            </referenceToTechnologyPictogramme>
            <referenceToTechnologyFlowDiagrammOrPicture refObjectId="285a0907-cec7-4b22-ab03-9e5eb954c7e8" type="source data set" uri="../sources/285a0907-cec7-4b22-ab03-9e5eb954c7e8.xml" version="30.00.000">
                <common:shortDescription xml:lang="en">Energy_Electricity_Mix_DE_2011.jpg</common:shortDescription>
            </referenceToTechnologyFlowDiagrammOrPicture>
            <referenceToTechnologyFlowDiagrammOrPicture refObjectId="f14ef83e-9777-450b-9b5d-3db6d92f98cd" type="source data set" uri="../sources/f14ef83e-9777-450b-9b5d-3db6d92f98cd.xml" version="30.00.000">
                <common:shortDescription xml:lang="en">Energy_Electricity_Grid_Mix_EF_DE_2011.jpg</common:shortDescription>
            </referenceToTechnologyFlowDiagrammOrPicture>
        </technology>
    </processInformation>
    <modellingAndValidation>
        <LCIMethodAndAllocation>
            <typeOfDataSet>LCI result</typeOfDataSet>
            <LCIMethodPrinciple>Attributional</LCIMethodPrinciple>
            <deviationsFromLCIMethodPrinciple xml:lang="en">None</deviationsFromLCIMethodPrinciple>
            <LCIMethodApproaches>Allocation - market value</LCIMethodApproaches>
            <LCIMethodApproaches>Allocation - net calorific value</LCIMethodApproaches>
            <LCIMethodApproaches>Allocation - exergetic content</LCIMethodApproaches>
            <LCIMethodApproaches>Allocation - mass</LCIMethodApproaches>
            <deviationsFromLCIMethodApproaches xml:lang="en">For the combined heat and power (CHP) production allocation by exergetic content is applied. Electricity and power plant by-products, i.e. gypsum, boiler ash and fly ash are allocated by market value due to no common physical properties. Within the refinery allocation by mass (refinery expenditures) and net calorific value (feedstocks, e.g.crude oil) is used. For the combined crude oil, natural gas and natural gas liquids (NGL) production allocation by net calorific value is applied.</deviationsFromLCIMethodApproaches>
            <modellingConstants xml:lang="en">All data used in the calculation of the LCI results refer to net calorific value.</modellingConstants>
            <deviationsFromModellingConstants xml:lang="en">None</deviationsFromModellingConstants>
            <referenceToLCAMethodDetails refObjectId="f2b512cd-43b2-4260-9882-eebc06731274" type="source data set" uri="../sources/f2b512cd-43b2-4260-9882-eebc06731274.xml" version="28.00.000">
                <common:shortDescription xml:lang="en">GaBi Modelling Principles</common:shortDescription>
            </referenceToLCAMethodDetails>
        </LCIMethodAndAllocation>
        <dataSourcesTreatmentAndRepresentativeness>
            <dataCutOffAndCompletenessPrinciples xml:lang="en">Cut-off rules for each unit process: Coverage of at least 95% of mass and energy of the input and output flows, and 98% of their environmental relevance (according to expert judgment).</dataCutOffAndCompletenessPrinciples>
            <deviationsFromCutOffAndCompletenessPrinciples xml:lang="en">The coverage of the exploration and well installation data (crude oil, natural gas, natural gas liquids) are only 90% of mass and energy and 95% of the environmental relevance (according to expert judgment). End-of-Life of the PV-modules is not included in the LCA-model. Waste is entering the Waste-to-Energy product system without any environmental burden (burdens are allocated to the primary life cycle of the product in which the waste is generated, e.g. burdens of packing material becoming wastel are allocated to the product).</deviationsFromCutOffAndCompletenessPrinciples>
            <dataSelectionAndCombinationPrinciples xml:lang="en">The data sources for the complete product system are sufficiently consistent: The electricity grid mix data are based on national statistics. The key emissions e.g. sulphur dioxide, nitrogen oxide, etc., of the power plants / combined heat and power (CHP) plants are based on measured operating data taken from national statistics. All other emissions from the power plants / combined heat and power plants (CHP) are based on literature data and / or calculated via energy carrier composition in combination with (literature-based) combustion models. Detailed power plant models are used, which combine measured (e.g. NOx) with calculated emission values (e.g. heavy metals). The data on the energy carrier supply chain are based on statistics with country / region-specific transport distances and energy carrier composition, as well as industry and literature data on the inventory of exploration, production and processing. Infrastructure data are from literature. Refinery data are also based on statistical data and measurements of major refineries as well as literature data.&#13;
For electricity from non-combustional renewable energy sources, like wind, hydro, solar (photovoltaic) and geothermal, also specific LCA modells are used. LCI modelling is fully consistent.</dataSelectionAndCombinationPrinciples>
            <deviationsFromSelectionAndCombinationPrinciples xml:lang="en">None</deviationsFromSelectionAndCombinationPrinciples>
            <dataTreatmentAndExtrapolationsPrinciples xml:lang="en">Energy carrier specific power plants are modelled according to the national / regional firing and flue gas cleaning technology mix. Data measured at representative power plants and being published, have been used to represent the country / region mix of power plant technologies. Also for electricity from non-combustional renewable energy sources, like wind, hydro, solar (photovoltaic) and geothermal, specific LCA modells are developed and used.</dataTreatmentAndExtrapolationsPrinciples>
            <deviationsFromTreatmentAndExtrapolationPrinciples xml:lang="en">None</deviationsFromTreatmentAndExtrapolationPrinciples>
            <referenceToDataSource refObjectId="0f4a3245-3bc0-49ee-8da0-42405554f541" type="source data set" uri="../sources/0f4a3245-3bc0-49ee-8da0-42405554f541.xml" version="28.00.000">
                <common:shortDescription xml:lang="en">Plant-by-Plant emissions of SO2, NOx and dust and energy input to large combustion plants covered...</common:shortDescription>
            </referenceToDataSource>
            <referenceToDataSource refObjectId="eb7d5b55-fdb1-43c7-a958-e8f3336d3d5c" type="source data set" uri="../sources/eb7d5b55-fdb1-43c7-a958-e8f3336d3d5c.xml" version="28.00.000">
                <common:shortDescription xml:lang="en">Statistical Yearbook (UCTE) 2008</common:shortDescription>
            </referenceToDataSource>
            <percentageSupplyOrProductionCovered>95.0</percentageSupplyOrProductionCovered>
            <dataCollectionPeriod xml:lang="en">2008-2014</dataCollectionPeriod>
            <uncertaintyAdjustments xml:lang="en">None</uncertaintyAdjustments>
            <useAdviceForDataSet xml:lang="en">This data set is for illustrative purposes only and not reflecting actual production/operation of the product.</useAdviceForDataSet>
        </dataSourcesTreatmentAndRepresentativeness>
        <completeness>
            <completenessProductModel>No statement</completenessProductModel>
            <completenessElementaryFlows type="Climate change" value="No statement"/>
            <completenessElementaryFlows type="Ozone depletion" value="No statement"/>
            <completenessElementaryFlows type="Summer smog" value="No statement"/>
            <completenessElementaryFlows type="Eutrophication" value="No statement"/>
            <completenessElementaryFlows type="Acidification" value="No statement"/>
            <completenessElementaryFlows type="Human toxicity" value="No statement"/>
            <completenessElementaryFlows type="Freshwater ecotoxicity" value="No statement"/>
            <completenessElementaryFlows type="Seawater eco-toxicity" value="No statement"/>
            <completenessElementaryFlows type="Terrestric eco-toxicity" value="No statement"/>
            <completenessElementaryFlows type="Radioactivity" value="No statement"/>
            <completenessElementaryFlows type="Land use" value="No statement"/>
            <completenessElementaryFlows type="Non-renewable material resource depletion" value="No statement"/>
            <completenessElementaryFlows type="Renewable material resource consumption" value="No statement"/>
            <completenessElementaryFlows type="Non-renewable primary energy depletion" value="No statement"/>
            <completenessElementaryFlows type="Renewable primary energy consumption" value="No statement"/>
            <completenessElementaryFlows type="Particulate matter/respiratory inorganics" value="No statement"/>
            <completenessElementaryFlows type="Species depletion" value="No statement"/>
            <completenessElementaryFlows type="Noise" value="No statement"/>
        </completeness>
    </modellingAndValidation>
    <administrativeInformation>
        <common:commissionerAndGoal>
            <common:referenceToCommissioner refObjectId="ba47c560-d6a9-99bc-a94d-1230208c9b71" type="contact data set" uri="../contacts/ba47c560-d6a9-99bc-a94d-1230208c9b71.xml" version="01.00.000">
                <common:shortDescription xml:lang="en">maki</common:shortDescription>
            </common:referenceToCommissioner>
            <common:intendedApplications xml:lang="en">This data set is for illustrative purposes only and not reflecting actual production/operation of the product.</common:intendedApplications>
        </common:commissionerAndGoal>
        <dataGenerator>
            <common:referenceToPersonOrEntityGeneratingTheDataSet refObjectId="ba47c560-d6a9-99bc-a94d-1230208c9b71" type="contact data set" uri="../contacts/ba47c560-d6a9-99bc-a94d-1230208c9b71.xml" version="01.00.000">
                <common:shortDescription xml:lang="en">maki</common:shortDescription>
            </common:referenceToPersonOrEntityGeneratingTheDataSet>
        </dataGenerator>
        <dataEntryBy>
            <common:timeStamp>2017-07-23T12:55:54.000</common:timeStamp>
            <common:referenceToDataSetFormat refObjectId="a97a0155-0234-4b87-b4ce-a45da52f2a40" type="source data set" uri="../sources/a97a0155-0234-4b87-b4ce-a45da52f2a40.xml" version="03.00.000">
                <common:shortDescription xml:lang="en">ILCD format 1.1</common:shortDescription>
            </common:referenceToDataSetFormat>
            <common:referenceToPersonOrEntityEnteringTheData refObjectId="ba47c560-d6a9-99bc-a94d-1230208c9b71" type="contact data set" uri="../contacts/ba47c560-d6a9-99bc-a94d-1230208c9b71.xml" version="01.00.000">
                <common:shortDescription xml:lang="en">maki</common:shortDescription>
            </common:referenceToPersonOrEntityEnteringTheData>
            <common:referenceToDataSetUseApproval refObjectId="be34bbb0-b054-11db-abbd-0800200c9a66" type="contact data set" uri="../contacts/be34bbb0-b054-11db-abbd-0800200c9a66.xml" version="28.00.000">
                <common:shortDescription xml:lang="en">No official approval by producer or operator</common:shortDescription>
            </common:referenceToDataSetUseApproval>
        </dataEntryBy>
        <publicationAndOwnership>
            <common:dateOfLastRevision>2017-07-23T12:55:54.000</common:dateOfLastRevision>
            <common:dataSetVersion>01.00.000</common:dataSetVersion>
            <common:workflowAndPublicationStatus>Data set finalised; entirely published</common:workflowAndPublicationStatus>
            <common:referenceToOwnershipOfDataSet refObjectId="ba47c560-d6a9-99bc-a94d-1230208c9b71" type="contact data set" uri="../contacts/ba47c560-d6a9-99bc-a94d-1230208c9b71.xml" version="01.00.000">
                <common:shortDescription xml:lang="en">maki</common:shortDescription>
            </common:referenceToOwnershipOfDataSet>
            <common:copyright>true</common:copyright>
            <common:licenseType>Other</common:licenseType>
            <common:accessRestrictions xml:lang="en">none</common:accessRestrictions>
        </publicationAndOwnership>
    </administrativeInformation>
    <exchanges>
        <exchange dataSetInternalID="1">
            <referenceToFlowDataSet refObjectId="04202047-6556-11dd-ad8b-0800200c9a66" type="flow data set" uri="../flows/04202047-6556-11dd-ad8b-0800200c9a66.xml" version="03.00.003">
                <common:shortDescription xml:lang="en">primary energy from hydro power [Renewable energy resources from water]</common:shortDescription>
            </referenceToFlowDataSet>
            <exchangeDirection>Input</exchangeDirection>
            <meanAmount>0.555149505124237</meanAmount>
            <resultingAmount>0.555149505124237</resultingAmount>
            <relativeStandardDeviation95In>0</relativeStandardDeviation95In>
            <dataSourceType>Mixed primary / secondary</dataSourceType>
            <dataDerivationTypeStatus>Unknown derivation</dataDerivationTypeStatus>
        </exchange>
        <exchange dataSetInternalID="4">
            <referenceToFlowDataSet refObjectId="08a91e70-3ddc-11dd-923d-0050c2490048" type="flow data set" uri="../flows/08a91e70-3ddc-11dd-923d-0050c2490048.xml" version="03.00.003">
                <common:shortDescription xml:lang="en">carbon dioxide (fossil) [Emissions to air, unspecified]</common:shortDescription>
            </referenceToFlowDataSet>
            <exchangeDirection>Output</exchangeDirection>
            <meanAmount>0.172076908272198</meanAmount>
            <resultingAmount>0.172076908272198</resultingAmount>
            <relativeStandardDeviation95In>0</relativeStandardDeviation95In>
            <dataSourceType>Mixed primary / secondary</dataSourceType>
            <dataDerivationTypeStatus>Unknown derivation</dataDerivationTypeStatus>
        </exchange>
        <exchange dataSetInternalID="5">
                    <referenceToFlowDataSet refObjectId="08a91e70-3ddc-11dd-924e-0050c2490048" type="flow data set" uri="../flows/08a91e70-3ddc-11dd-924e-0050c2490048.xml" version="03.00.003">
                <common:shortDescription xml:lang="en">carbon monoxide (fossil) [Emissions to air, unspecified]</common:shortDescription>
            </referenceToFlowDataSet>
            <exchangeDirection>Output</exchangeDirection>
            <meanAmount>0.000162076908272198</meanAmount>
            <resultingAmount>0.000162076908272198</resultingAmount>
            <relativeStandardDeviation95In>0</relativeStandardDeviation95In>
            <dataSourceType>Mixed primary / secondary</dataSourceType>
            <dataDerivationTypeStatus>Unknown derivation</dataDerivationTypeStatus>
        </exchange>
         <exchange dataSetInternalID="509">
            <referenceToFlowDataSet refObjectId="890a70b7-b677-4e2a-8a1b-7d017e0a10ae" type="flow data set" uri="../flows/890a70b7-b677-4e2a-8a1b-7d017e0a10ae.xml" version="28.00.000">
                <common:shortDescription xml:lang="en">Electricity</common:shortDescription>
            </referenceToFlowDataSet>
            <exchangeDirection>Output</exchangeDirection>
            <meanAmount>3.6</meanAmount>
            <resultingAmount>3.6</resultingAmount>
            <relativeStandardDeviation95In>0</relativeStandardDeviation95In>
            <dataSourceType>Mixed primary / secondary</dataSourceType>
            <dataDerivationTypeStatus>Estimated</dataDerivationTypeStatus>
        </exchange>
    </exchanges>
</processDataSet>
