<?xml version="1.0" encoding="UTF-8" standalone="yes"?>
<?xml-stylesheet type='text/xsl' href='../../stylesheets/contact2html.xsl' ?>
<contactDataSet xmlns:common="http://lca.jrc.it/ILCD/Common" xmlns="http://lca.jrc.it/ILCD/Contact" version="1.1" xsi:schemaLocation="http://lca.jrc.it/ILCD/Contact ../../schemas/ILCD_ContactDataSet.xsd" xmlns:xsi="http://www.w3.org/2001/XMLSchema-instance">
    <contactInformation>
        <dataSetInformation>
            <common:UUID>1ce916ab-6545-431c-a27d-47f0dbee9942</common:UUID>
            <common:shortName xml:lang="en">Matthias Schulz</common:shortName>
            <common:name xml:lang="en">Matthias Schulz</common:name>
            <classificationInformation>
                <common:classification>
                    <common:class level="0">Persons</common:class>
                </common:classification>
            </classificationInformation>
            <contactAddress xml:lang="en">Handwerkstraße 15, 70565 Stuttgart, Germany</contactAddress>
            <telephone>+49.711.7861-3712</telephone>
            <email>matthias.schulz@dekra.com</email>
            <contactDescriptionOrComment xml:lang="en">Product Line Manager, Product Sustainability</contactDescriptionOrComment>
        </dataSetInformation>
    </contactInformation>
    <administrativeInformation>
        <dataEntryBy>
            <common:timeStamp>2016-01-01T00:00:00.000</common:timeStamp>
            <common:referenceToDataSetFormat type="source data set" refObjectId="a97a0155-0234-4b87-b4ce-a45da52f2a40" version="03.00.000" uri="../sources/a97a0155-0234-4b87-b4ce-a45da52f2a40.xml">
                <common:shortDescription xml:lang="en">ILCD format 1.1</common:shortDescription>
            </common:referenceToDataSetFormat>
        </dataEntryBy>
        <publicationAndOwnership>
            <common:dataSetVersion>35.00.000</common:dataSetVersion>
        </publicationAndOwnership>
    </administrativeInformation>
</contactDataSet>
