<?xml version="1.0" encoding="UTF-8" standalone="no"?>
<?xml-stylesheet type='text/xsl' href='../../stylesheets/contact2html.xsl' ?><contactDataSet xmlns="http://lca.jrc.it/ILCD/Contact" xmlns:common="http://lca.jrc.it/ILCD/Common" xmlns:xsi="http://www.w3.org/2001/XMLSchema-instance" version="1.1" xsi:schemaLocation="http://lca.jrc.it/ILCD/Contact ../../schemas/ILCD_ContactDataSet.xsd">
 <contactInformation>
  <dataSetInformation>
   <common:UUID>97f476bd-415a-4463-955a-019202b70ae4</common:UUID>
   <common:shortName xml:lang="en">JRC</common:shortName>
   <common:name xml:lang="en">European Commission - Joint Research Centre</common:name>
   <classificationInformation>
    <common:classification>
     <common:class level="0">Organisations</common:class>
     <common:class level="1">Governmental organisations</common:class>
</common:classification>
</classificationInformation>
   <contactAddress xml:lang="">European Commission - Joint Research Centre / Internal &amp; external communication Unit / SDME 10/78 / B-1049 Brussels / Belgium</contactAddress>
   <contactAddress xml:lang="en">European Commission, JRC, Brussels, Belgium</contactAddress>
   <email>jrc-info@ec.europa.eu</email>
   <WWWAddress>www.jrc.ec.europa.eu/</WWWAddress>
   <centralContactPoint xml:lang="">jrc-info@ec.europa.eu</centralContactPoint>
   <centralContactPoint xml:lang="en">see www.jrc.ec.europa.eu/</centralContactPoint>
   <contactDescriptionOrComment xml:lang="en">For work related to LCA and the ILCD, please contact: European Commission, JRC, IES, H08, 21027 Ispra (VA), Italy
    lca@jrc.ec.europa.eu FAX +39.0332.786645</contactDescriptionOrComment>
</dataSetInformation>
</contactInformation>
 <administrativeInformation>
  <dataEntryBy>
   <common:timeStamp>2012-01-04T15:42:24.609+01:00</common:timeStamp>
   <common:referenceToDataSetFormat refObjectId="a97a0155-0234-4b87-b4ce-a45da52f2a40" type="source data set" uri="../sources/a97a0155-0234-4b87-b4ce-a45da52f2a40.xml">
    <common:shortDescription>ILCD format</common:shortDescription>
</common:referenceToDataSetFormat>
</dataEntryBy>
  <publicationAndOwnership>
   <common:dataSetVersion>01.01.003</common:dataSetVersion>
   <common:permanentDataSetURI>http://lca.jrc.ec.europa.eu/lcainfohub/datasets/elcd/contacts/97f476bd-415a-4463-955a-019202b70ae4.xml</common:permanentDataSetURI>
</publicationAndOwnership>
</administrativeInformation>
</contactDataSet>
