<?xml version="1.0" encoding="utf-8"?>
<?xml-stylesheet version="1.0" href="../../stylesheets/contact2html.xsl" type="text/xsl"?>
<contactDataSet xmlns="http://lca.jrc.it/ILCD/Contact" xmlns:common="http://lca.jrc.it/ILCD/Common" xmlns:xsi="http://www.w3.org/2001/XMLSchema-instance" xsi:schemaLocation="http://lca.jrc.it/ILCD/Contact ../../schemas/ILCD_ContactDataSet.xsd" version="1.1">
  <contactInformation>
    <dataSetInformation>
      <common:UUID>c390ed50-1572-44fd-acb5-c2f984f749e6</common:UUID>
      <common:shortName xml:lang="en">UNEP SETAC Life Cycle Initiative</common:shortName>
      <common:name xml:lang="en">UNEP SETAC Life Cycle Initiative, UNEP DTIE Sustainable, Consumption and Production Branch</common:name>
      <classificationInformation>
        <common:classification classes="../GaBiCategories.xml">
          <common:class level="0" classId="ecc6f37b-3c4e-48a2-843d-0c01cd8f4e8f">Contacts</common:class>
          <common:class level="1" classId="dc0407c0-c183-4ad6-9e13-c198470b26e4">Organisations</common:class>
          <common:class level="2" classId="7ad3b7ef-536f-4fb3-a5df-a4e2fc89848e">Non-governmental org.</common:class>
        </common:classification>
      </classificationInformation>
      <contactAddress>15 rue de Milan, 75441 Paris CEDEX 09, France</contactAddress>
      <telephone>+33144371450</telephone>
      <telefax>+33144371474</telefax>
      <email>unep.tie@unep.org</email>
      <WWWAddress>www.lcinitiative.unep.fr</WWWAddress>
    </dataSetInformation>
  </contactInformation>
  <administrativeInformation>
    <dataEntryBy>
      <common:timeStamp>2011-10-31T23:00:00+01:00</common:timeStamp>
      <common:referenceToDataSetFormat refObjectId="a97a0155-0234-4b87-b4ce-a45da52f2a40" version="03.00.000" type="source data set" uri="../sources/a97a0155-0234-4b87-b4ce-a45da52f2a40.xml">
        <common:shortDescription xml:lang="en">ILCD format 1.1</common:shortDescription>
      </common:referenceToDataSetFormat>
    </dataEntryBy>
    <publicationAndOwnership>
      <common:dataSetVersion>30.00.000</common:dataSetVersion>
    </publicationAndOwnership>
  </administrativeInformation>
</contactDataSet>
