<?xml version="1.0" encoding="utf-8"?>
<?xml-stylesheet version="1.0" href="../../stylesheets/contact2html.xsl" type="text/xsl"?>
<contactDataSet xmlns="http://lca.jrc.it/ILCD/Contact" xmlns:common="http://lca.jrc.it/ILCD/Common" xmlns:xsi="http://www.w3.org/2001/XMLSchema-instance" xsi:schemaLocation="http://lca.jrc.it/ILCD/Contact ../../schemas/ILCD_ContactDataSet.xsd" version="1.1">
  <contactInformation>
    <dataSetInformation>
      <common:UUID>df43be2f-f81f-4248-8e29-9a3d27dc8167</common:UUID>
      <common:shortName xml:lang="en">DEKRA Assurance Services GmbH</common:shortName>
      <common:name xml:lang="en">DEKRA Assurance Services GmbH</common:name>
      <classificationInformation>
        <common:classification name="GaBiCategories" classes="../GaBiCategories.xml">
          <common:class level="0" classId="ecc6f37b-3c4e-48a2-843d-0c01cd8f4e8f">Contacts</common:class>
          <common:class level="1" classId="dc0407c0-c183-4ad6-9e13-c198470b26e4">Organisations</common:class>
          <common:class level="2" classId="6013eef1-ab15-4ab1-9436-c5af97acf524">Private company</common:class>
        </common:classification>
      </classificationInformation>
      <contactAddress>Handwerkstraße 15, 70565 Stuttgart, Germany</contactAddress>
    </dataSetInformation>
  </contactInformation>
  <administrativeInformation>
    <dataEntryBy>
      <common:timeStamp>2015-02-13T13:21:10+01:00</common:timeStamp>
      <common:referenceToDataSetFormat refObjectId="a97a0155-0234-4b87-b4ce-a45da52f2a40" version="03.00.000" type="source data set" uri="../sources/a97a0155-0234-4b87-b4ce-a45da52f2a40.xml">
        <common:shortDescription xml:lang="en">ILCD format 1.1</common:shortDescription>
      </common:referenceToDataSetFormat>
    </dataEntryBy>
    <publicationAndOwnership>
      <common:dataSetVersion>27.00.000</common:dataSetVersion>
    </publicationAndOwnership>
  </administrativeInformation>
</contactDataSet>
