<?xml version="1.0" encoding="UTF-8" standalone="yes"?>
<?xml-stylesheet type='text/xsl' href='../../stylesheets/contact2html.xsl' ?>
<contactDataSet xmlns:common="http://lca.jrc.it/ILCD/Common" xmlns="http://lca.jrc.it/ILCD/Contact" version="1.1" xsi:schemaLocation="http://lca.jrc.it/ILCD/Contact ../../schemas/ILCD_ContactDataSet.xsd" xmlns:xsi="http://www.w3.org/2001/XMLSchema-instance">
    <contactInformation>
        <dataSetInformation>
            <common:UUID>efbaafe0-fec6-11da-92e3-0800200c9a66</common:UUID>
            <common:shortName xml:lang="en">Plastics Europe</common:shortName>
            <common:name xml:lang="en">Plastics Europe Association of Plastics Manufacturers</common:name>
            <classificationInformation>
                <common:classification>
                    <common:class level="0">Organisations</common:class>
                    <common:class level="1">Other organisations</common:class>
                </common:classification>
            </classificationInformation>
            <telephone>+32 (2) 675 3297</telephone>
            <telefax>+32 (2) 675 3935</telefax>
            <email>info@plasticseurope.org</email>
            <WWWAddress>http://www.plasticseurope.org</WWWAddress>
            <centralContactPoint xml:lang="en">Plastics Europe, Avenue E van Nieuwenhuyse 4, B-1160 Brussels, Belgium</centralContactPoint>
            <contactDescriptionOrComment xml:lang="en">Plastics Europe, Avenue E van Nieuwenhuyse 4, B-1160 Brussels, Belgium</contactDescriptionOrComment>
        </dataSetInformation>
    </contactInformation>
    <administrativeInformation>
        <dataEntryBy>
            <common:timeStamp>2011-10-31T23:00:00.000</common:timeStamp>
            <common:referenceToDataSetFormat type="source data set" refObjectId="a97a0155-0234-4b87-b4ce-a45da52f2a40" version="03.00.000" uri="../sources/a97a0155-0234-4b87-b4ce-a45da52f2a40.xml">
                <common:shortDescription xml:lang="en">ILCD format 1.1</common:shortDescription>
            </common:referenceToDataSetFormat>
        </dataEntryBy>
        <publicationAndOwnership>
            <common:dataSetVersion>35.00.000</common:dataSetVersion>
        </publicationAndOwnership>
    </administrativeInformation>
</contactDataSet>
